level,from_room,from_region,to_room,to_region,items,difficulty,blockers,dangerous,multiroom,core_state,dts,assist_mode,vid_variant,video_link,note,submitter,approver
1A,2,west,2,east,r_climb,3,,FALSE,FALSE,,,FALSE,FALSE,https://www.youtube.com/watch?v=jpL9giRsNkc,,,
1A,3,west,3,east,r_climb,3,,FALSE,FALSE,,,FALSE,FALSE,https://www.youtube.com/watch?v=Zq0Xqeuxfxo,,,
1A,4,west,4,east,any_dash_ur_r,3,,FALSE,FALSE,,,FALSE,TRUE,https://www.youtube.com/watch?v=Qmm8YyG8h9g,,,
1A,4,west,4,east,,3,,FALSE,FALSE,,,FALSE,FALSE,https://www.youtube.com/watch?v=2SLvMmNpyjk,,,
1A,5,center,5,Strawberry,"u_dash,l_dash",4,,FALSE,FALSE,,,FALSE,FALSE,https://www.youtube.com/watch?v=q8V6F13T2O0,,,
1A,6,west,6,east,r_dash,3,,FALSE,FALSE,,,FALSE,FALSE,https://www.youtube.com/watch?v=eXocLajRCJE,,,
1A,6,west,6,east,r_climb,3,,FALSE,FALSE,,,FALSE,FALSE,https://www.youtube.com/watch?v=uimlVyRtWy8,,,
1A,6,west,6,east,"crouch,dr_dash,any_dash_u_ur",3,,FALSE,FALSE,,,FALSE,FALSE,https://www.youtube.com/watch?v=UInJbjSha2Y,,,
1A,6z,east,6z,west,u_dash,3,,FALSE,FALSE,,,FALSE,FALSE,https://www.youtube.com/watch?v=ihovKKPw_TA,,,
1A,6a,west,6a,east,l_climb,3,,FALSE,FALSE,,,FALSE,FALSE,https://www.youtube.com/watch?v=DTd2L5Wf7iU,,,
1A,6a,west,6a,east,,4,,FALSE,FALSE,,,FALSE,FALSE,https://www.youtube.com/watch?v=OkSSfGKbd8g,,,
1A,7zb,east,7zb,west,l_dash,3,,FALSE,FALSE,,,FALSE,FALSE,https://www.youtube.com/watch?v=2BIOah7vmfk,,,
1A,7z,bottom,7z,Strawberry,"crouch,dl_dash,ur_dash",4,,FALSE,FALSE,,,FALSE,FALSE,https://www.youtube.com/watch?v=yP2c8VnRivo,,,
1A,7z,bottom,7z,Strawberry,"l_dash,ur_dash",4,,FALSE,FALSE,,,FALSE,FALSE,https://www.youtube.com/watch?v=LEmjY6o3ufI,,,
1A,8,south-west,8,north-east,"l_climb,r_climb",3,,FALSE,FALSE,,,FALSE,FALSE,https://www.youtube.com/watch?v=FYuTws2At4o,,,
1A,9,west,9,Strawberry,"crouch,dr_dash,r_dash,l_climb",4,,FALSE,FALSE,,,FALSE,FALSE,https://www.youtube.com/watch?v=OYbE0S1yzgU,,,
1A,9,west,9,Strawberry,"ur_dash,l_climb",4,,FALSE,FALSE,,,FALSE,FALSE,https://www.youtube.com/watch?v=VwkewbVH5b0,,,
1A,9,west,9,east,u_dash,2,,FALSE,FALSE,,,FALSE,FALSE,https://www.youtube.com/watch?v=D6wZpnxFSpk,,,
1A,9b,south-west,9b,east,r_dash,3,,FALSE,FALSE,,,FALSE,FALSE,https://www.youtube.com/watch?v=DAsPZFEJ758,,,
1A,9b,south-west,9b,north-west,"crouch,l_dash",3,,FALSE,FALSE,,,FALSE,FALSE,https://www.youtube.com/watch?v=GH66UTit7SY,,,
1A,9b,south-west,9b,north-west,"crouch,ul_dash",3,,FALSE,FALSE,,,FALSE,FALSE,https://www.youtube.com/watch?v=wRQMo6RcBXs,,,
1A,9b,east,9b,Strawberry,"ur_dash,l_climb",3,,FALSE,FALSE,,,FALSE,FALSE,https://www.youtube.com/watch?v=4VbD89YYJfg,,,
1A,9c,west,9c,Strawberry,r_dash,3,,FALSE,TRUE,,,FALSE,FALSE,https://www.youtube.com/watch?v=AXykBKmCBCY,,,
1A,9c,west,9c,Strawberry,"crouch,dr_dash",3,,FALSE,TRUE,,,FALSE,FALSE,https://www.youtube.com/watch?v=aRuOHZxJgb8,,,
1A,10a,bottom,10a,top,"l_climb,r_climb",3,,FALSE,FALSE,,,FALSE,FALSE,https://www.youtube.com/watch?v=glrrdxs-SSU,,,
1A,10a,bottom,10a,top,"ur_dash,l_climb",4,,FALSE,FALSE,,,FALSE,FALSE,https://www.youtube.com/watch?v=UjlIo2fUK1w,,,
1A,11,south-west,11,south,ur_dash,4,,FALSE,FALSE,,,FALSE,FALSE,https://www.youtube.com/watch?v=dlFHXvBnW5w,,,
1A,11,south-west,11,south,"u_dash,r_climb",4,,FALSE,FALSE,,,FALSE,FALSE,https://www.youtube.com/watch?v=JI8lWuQ30do,,,
1A,11,south-east,11,north,l_climb,3,,FALSE,FALSE,,,FALSE,FALSE,https://www.youtube.com/watch?v=PR9U3KcaFkI,,,
1A,11,south-east,11,north,,3,,FALSE,FALSE,,,FALSE,FALSE,https://www.youtube.com/watch?v=EG4gyoX0dKw,,,
1A,11z,east,11z,Cassette,"crouch,dl_dash,ul_dash,any_dash_u_ur",4,,FALSE,TRUE,,,FALSE,FALSE,https://www.youtube.com/watch?v=UBnXvV5jmyQ,,,
1A,11z,east,11z,Cassette,"r_climb,ul_dash,crouch",4,,FALSE,FALSE,,,FALSE,FALSE,https://www.youtube.com/watch?v=x_4wfIZQc3s,,,
1A,11z,east,11z,Cassette,ul_dash,4,,FALSE,FALSE,,,FALSE,FALSE,https://www.youtube.com/watch?v=KHoWoKh3Qu0,,,
1A,12,south-west,12,north-west,"r_climb,l_climb",3,,FALSE,FALSE,,,FALSE,FALSE,https://www.youtube.com/watch?v=zjfYyrDr4hM,,,
1A,12,south-west,12,east,ur_dash,3,,FALSE,FALSE,,,FALSE,FALSE,https://www.youtube.com/watch?v=vvirp5ohKVk,,,
1A,12,south-west,12,east,r_climb,3,,FALSE,FALSE,,,FALSE,FALSE,https://www.youtube.com/watch?v=CbwDFGtA5EE,,,
1A,12,south-west,12,east,u_dash,3,,FALSE,FALSE,,,FALSE,FALSE,https://www.youtube.com/watch?v=7YMIicCXZ-M,,,
1A,12z,east,12z,Strawberry,"crouch,dl_dash,ul_dash,r_climb",5,,FALSE,FALSE,,,FALSE,FALSE,https://www.youtube.com/watch?v=4S1faicFAEs,,,
1A,12z,east,12z,Strawberry,"any_dash_l_ul,r_climb",5,,FALSE,FALSE,,,FALSE,TRUE,https://www.youtube.com/watch?v=j1_WwxeN-Vw,,,
1A,12z,east,12z,Strawberry,"r_climb,l_climb",5,,FALSE,FALSE,,,FALSE,FALSE,https://www.youtube.com/watch?v=imlUThOPXn0,,,
1A,12a,bottom,12a,top,ur_dash,4,,FALSE,TRUE,,,FALSE,FALSE,https://www.youtube.com/watch?v=7pGAafdGKdk,,,
1A,12a,bottom,12a,top,"springs,traffic_blocks,l_climb,r_climb",3,,FALSE,FALSE,,,FALSE,FALSE,https://www.youtube.com/watch?v=mScyIylxK9s,,,
1A,12a,bottom,12a,top,"u_dash,r_dash,crouch",4,,FALSE,TRUE,,,FALSE,FALSE,https://www.youtube.com/watch?v=ucYhmUf9KEE,,,
1A,2,west,2,Strawberry,"l_dash,l_climb,r_climb,crouch",4,,FALSE,FALSE,,,FALSE,FALSE,https://www.youtube.com/watch?v=bhmPEw_e68E,,Sun God Moth,Seemmetor
1A,2,west,2,Strawberry,"r_dash,l_climb,crouch",4,,FALSE,FALSE,,,FALSE,FALSE,https://www.youtube.com/watch?v=acLA1Twey1I,,Sun God Moth,Seemmetor
1A,6,west,6,east,"dr_dash,l_climb,dash_refills",6,,FALSE,FALSE,,,FALSE,FALSE,https://www.youtube.com/watch?v=1Ps8iqnGd8c,,Sun God Moth,Seemmetor
1A,6,west,6,Strawberry,"dr_dash,l_climb,dash_refills",6,,FALSE,FALSE,,,FALSE,FALSE,https://www.youtube.com/watch?v=1Ps8iqnGd8c,,Sun God Moth,Seemmetor
1A,5,bottom,5,Strawberry,u_dash,3,,FALSE,FALSE,,,FALSE,FALSE,https://www.youtube.com/watch?v=uwW7uufUPck,,Sun God Moth,Seemmetor
1A,6z,east,6z,north-west,u_dash,3,,FALSE,FALSE,,,FALSE,FALSE,https://www.youtube.com/watch?v=dia4jEn_ELU,,Sun God Moth,Seemmetor
1A,6b,south-west,s0,east,,4,dash,FALSE,FALSE,,,FALSE,FALSE,https://www.youtube.com/watch?v=A6h87NHB62E,,Sun God Moth,Seemmetor
1A,6c,south-west,6c,north-east,,3,dash,FALSE,FALSE,,,FALSE,FALSE,https://www.youtube.com/watch?v=Pl4BJHLzIMQ,,Sun God Moth,Seemmetor
1A,7z,bottom,7z,Strawberry,"u_dash,ur_dash",4,,FALSE,TRUE,,,FALSE,FALSE,https://www.youtube.com/watch?v=Pl4BJHLzIMQ,,Sun God Moth,Seemmetor
1A,7z,bottom,7z,Strawberry,"ur_dash,l_climb",4,,FALSE,FALSE,,,FALSE,FALSE,https://www.youtube.com/watch?v=oxl7GAiw16g,,Sun God Moth,Seemmetor
1A,7z,bottom,7z,top,"ur_dash,l_climb",4,,FALSE,FALSE,,,FALSE,FALSE,https://www.youtube.com/watch?v=oxl7GAiw16g,,Sun God Moth,
1A,8z,bottom,8z,top,,3,dash,FALSE,FALSE,,,FALSE,FALSE,https://www.youtube.com/watch?v=pEJSPThFR6k,,Sun God Moth,Seemmetor
1A,8zb,west,8zb,Strawberry,,3,dash,FALSE,FALSE,,,FALSE,FALSE,https://www.youtube.com/watch?v=6DRNiG7UzTw,,Sun God Moth,Seemmetor
1A,8zb,west,8zb,east,,3,dash,FALSE,FALSE,,,FALSE,FALSE,https://www.youtube.com/watch?v=6DRNiG7UzTw,,Sun God Moth,Seemmetor
1A,8,south-west,8,south,,3,dash,FALSE,FALSE,,,FALSE,FALSE,https://www.youtube.com/watch?v=isTcKcyfdl8,,Sun God Moth,Seemmetor
1A,8,east,8,north,"dl_dash,crouch",3,,FALSE,TRUE,,,FALSE,FALSE,https://www.youtube.com/watch?v=fGo1UobSBE4,,Sun God Moth,Seemmetor
1A,8,north-east,8,north,"l_dash,crouch",3,,FALSE,FALSE,,,FALSE,FALSE,https://www.youtube.com/watch?v=VVLBM7jyUis,,Sun God Moth,Seemmetor
1A,9c,west,9c,Strawberry,"ur_dash,r_climb",4,,FALSE,FALSE,,,FALSE,FALSE,https://www.youtube.com/watch?v=pUNuARbocyE,,Sun God Moth,Seemmetor
1A,11,south-west,11,Strawberry,"r_dash,r_climb,crouch",5,,FALSE,FALSE,,,FALSE,FALSE,https://www.youtube.com/watch?v=6Pk8JgbDiNA,,Sun God Moth,Seemmetor
1A,11,south-west,11,south,"r_dash,r_climb,crouch",5,,FALSE,FALSE,,,FALSE,FALSE,https://www.youtube.com/watch?v=6Pk8JgbDiNA,,Sun God Moth,Seemmetor
1A,11z,east,11z,Cassette,u_dash,4,,FALSE,FALSE,,,FALSE,FALSE,https://www.youtube.com/watch?v=sFwPo8wKluQ,,Sun God Moth,Seemmetor
1A,11,west,11z,Cassette,"dl_dash,r_climb,crouch,traffic_blocks",4,,FALSE,TRUE,,,FALSE,FALSE,https://www.youtube.com/watch?v=B4eNJv3YTzo,,Sun God Moth,Seemmetor
1A,10a,bottom,10a,top,r_climb,4,dash,FALSE,FALSE,,,FALSE,FALSE,https://www.youtube.com/watch?v=FcKTSJAiNiY,,Sun God Moth,Seemmetor
1A,11,south-east,11,north,,3,dash,FALSE,FALSE,,,FALSE,FALSE,https://www.youtube.com/watch?v=bVcZk9Je1bs,,Sun God Moth,Seemmetor
1B,01,west,01,east,any_dash_u_ur_r,4,,FALSE,FALSE,,,FALSE,TRUE,https://www.youtube.com/watch?v=HNLB_JyLbdc,,,
1B,02,west,02,east,"r_dash,crouch",4,,FALSE,FALSE,,,FALSE,FALSE,https://www.youtube.com/watch?v=yd7HZn8bMqY,,,
1B,02b,west,02b,east,"crouch,dr_dash,u_dash",4,,FALSE,FALSE,,,FALSE,FALSE,https://www.youtube.com/watch?v=6uP5QRmihF0,,,
1B,02b,west,02b,east,"dr_dash,crouch,ur_dash,r_climb",4,,FALSE,FALSE,,,FALSE,FALSE,https://www.youtube.com/watch?v=EAc61Nu8FSM,,,
1B,03,west,03,east,"any_dash_ul_u_ur,traffic_blocks,l_climb,r_climb",4,,FALSE,FALSE,,,FALSE,TRUE,https://www.youtube.com/watch?v=ZtkJkHMoKSE,,,
1B,03,west,03,east,"l_climb,r_climb,traffic_blocks",5,,FALSE,FALSE,,,FALSE,FALSE,https://www.youtube.com/watch?v=vXARFAZvxTY,,,
1B,04,west,04,east,"ur_dash,r_climb",4,,FALSE,FALSE,,,FALSE,FALSE,https://www.youtube.com/watch?v=vyz7pRD3x0U,,,
1B,04,west,04,east,"traffic_blocks,ur_dash",3,,FALSE,FALSE,,,FALSE,FALSE,https://www.youtube.com/watch?v=k7OM7L7lkU0,,,
1B,10,west,10,east,"traffic_blocks,r_dash",4,,FALSE,FALSE,,,FALSE,FALSE,https://www.youtube.com/watch?v=wfqeHdzaVbA,,,
2A,d0,north-west,d0,north-east,"crouch,r_dash,r_climb",3,,FALSE,FALSE,,,FALSE,FALSE,https://www.youtube.com/watch?v=_m7mbX4RcrA,,,
2A,d0,north-east,d0,Strawberry,"crouch,dl_dash,ul_dash",3,,FALSE,FALSE,,,FALSE,FALSE,https://www.youtube.com/watch?v=Dg2o9Gp90ZU,,,
2A,d6,east,d6,west,ul_dash,3,,FALSE,TRUE,,,FALSE,FALSE,https://www.youtube.com/watch?v=UsZ38mJr_Hg,,,
2A,d7,west,d7,east,u_dash,4,,FALSE,FALSE,,,FALSE,FALSE,https://www.youtube.com/watch?v=SQfHIZ2RxvY,,,
2A,d7,west,d7,east,r_dash,3,,FALSE,TRUE,,,FALSE,FALSE,https://www.youtube.com/watch?v=0KZYgeQcfYM,,,
2A,d7,west,d7,east,ur_dash,3,,FALSE,FALSE,,,FALSE,FALSE,https://www.youtube.com/watch?v=uR6z6XbKbPs,,,
2A,d8,west,d8,south-east,r_dash,3,,FALSE,FALSE,,,FALSE,FALSE,https://www.youtube.com/watch?v=F-r3evLWXKs,,,
2A,d6,east,d6,Strawberry,u_dash,2,,FALSE,FALSE,,,FALSE,FALSE,https://www.youtube.com/watch?v=fTPTwcDCnuc,,Sun God Moth,Seemmetor
2A,d7,west,d7,east,,5,dash,FALSE,FALSE,,,FALSE,FALSE,https://www.youtube.com/watch?v=2ZBruQ1hCeo,,Sun God Moth,Seemmetor
2A,d8,west,d8,south-east,,6,dash,FALSE,FALSE,,,FALSE,FALSE,https://www.youtube.com/watch?v=klkMlEw7XVY,,Sun God Moth,Seemmetor
2A,0,south-west,0,north-west,"l_dash,dream_blocks",3,,FALSE,FALSE,,,FALSE,FALSE,https://www.youtube.com/watch?v=3tW1_xKf2Dk,,Sun God Moth,Seemmetor
2A,0,south-west,0,north-west,"r_dash,ul_dash,crouch",4,,FALSE,TRUE,,,FALSE,FALSE,https://www.youtube.com/watch?v=Mma8elQw6-o,,Sun God Moth,Seemmetor
2A,6,bottom,6,top,"l_dash,coins,dream_blocks",2,,FALSE,FALSE,,,FALSE,FALSE,https://www.youtube.com/watch?v=BFoA4UeQ-l0,,Sun God Moth,Seemmetor
2A,7,bottom,7,top,"ul_dash,coins",4,dash,FALSE,FALSE,,,FALSE,FALSE,https://www.youtube.com/watch?v=QxNsFeJ-gC4,,Sun God Moth,Seemmetor
2A,9,west,9,north,u_dash,4,,FALSE,FALSE,,,FALSE,FALSE,https://www.youtube.com/watch?v=KptUTWTG6BI,,Sun God Moth,Seemmetor
2A,end_1,west,end_0,top,,3,dash,FALSE,TRUE,,,FALSE,FALSE,https://www.youtube.com/watch?v=IgyKkdG7OCI,,Sun God Moth,Seemmetor
2A,end_3c,bottom,end_3c,Strawberry,"ur_dash,springs",4,,FALSE,FALSE,,,FALSE,FALSE,https://www.youtube.com/watch?v=EZWwTDFWFr0,,Sun God Moth,Seemmetor
2A,d0,north,d0,Strawberry,"r_climb,crouch",6,dash,FALSE,FALSE,,,FALSE,FALSE,https://www.youtube.com/watch?v=I1LyIPP1T_w,,Sun God Moth,Seemmetor
2A,d0,north,d0,north-east,"r_climb,crouch",6,dash,FALSE,FALSE,,,FALSE,FALSE,https://www.youtube.com/watch?v=I1LyIPP1T_w,,Sun God Moth,Seemmetor
2A,d0,north,d0,north-east,"r_dash,crouch",3,dash,FALSE,FALSE,,,FALSE,FALSE,https://www.youtube.com/watch?v=vy4WYnA1DUg,,Sun God Moth,Seemmetor
2A,d0,north,d0,north-east,"r_dash,l_dash,crouch",3,,FALSE,FALSE,,,FALSE,FALSE,https://www.youtube.com/watch?v=KjdWiWscDsA,,Sun God Moth,Seemmetor
2A,d0,north-east,d0,north,"l_dash,crouch",3,,FALSE,FALSE,,,FALSE,FALSE,https://www.youtube.com/watch?v=euY1qG7OvzE,,Sun God Moth,Seemmetor
2A,d0,north-east,d0,Strawberry,"ur_dash,crouch",4,,FALSE,FALSE,,,FALSE,FALSE,https://www.youtube.com/watch?v=l6NXrW6Zo9Y,,Sun God Moth,Seemmetor
2A,d0,north-east,d0,Strawberry,"ul_dash,crouch",4,,FALSE,FALSE,,,FALSE,FALSE,https://www.youtube.com/watch?v=boRg3JxbM9s,,Sun God Moth,Seemmetor
2A,d0,north-east,d0,Strawberry,"l_climb,crouch",6,dash,FALSE,FALSE,,,FALSE,FALSE,https://www.youtube.com/watch?v=QE3dbNM49yI,,Sun God Moth,Seemmetor
2B,02b,west,02b,east,"dream_blocks,r_dash,u_dash",3,,FALSE,FALSE,,,FALSE,FALSE,https://www.youtube.com/watch?v=y9CnAHmKoYk,,,
2B,04,bottom,04,top,"dream_blocks,u_dash,dr_dash,ur_dash,l_dash",3,,FALSE,FALSE,,,FALSE,FALSE,https://www.youtube.com/watch?v=TpubhlVwFJY,,,
2B,07,bottom,07,top,"dream_blocks,r_dash,u_dash,ul_dash,crouch",4,,FALSE,FALSE,,,FALSE,FALSE,https://www.youtube.com/watch?v=d5wylfF5QsQ,,,
2B,08,west,08,east,"dream_blocks,u_dash,r_dash",4,,FALSE,FALSE,,,FALSE,FALSE,https://www.youtube.com/watch?v=XuScDZo2QnY,,,
2B,11,bottom,11,top,"dream_blocks,ur_dash,ul_dash,r_dash,crouch",3,,FALSE,FALSE,,,FALSE,FALSE,https://www.youtube.com/watch?v=UR39grav4Sw,,,
3A,s3,west,s3,Front Door Key,,4,,FALSE,FALSE,,,FALSE,FALSE,https://www.youtube.com/watch?v=S9ym8IeH0tg,,,
3A,00-a,west,00-a,Strawberry,r_dash,3,,FALSE,FALSE,,,FALSE,FALSE,https://www.youtube.com/watch?v=PvuFPRPcf6E,,,
3A,00-a,west,00-a,east,r_dash,3,,FALSE,FALSE,,,FALSE,FALSE,https://www.youtube.com/watch?v=PvuFPRPcf6E,,,
3A,00-c,south-east,00-c,south-west,l_dash,3,,FALSE,FALSE,,,FALSE,FALSE,https://www.youtube.com/watch?v=TnqdM1cWUIk,,,
3A,00-c,south-east,00-c,south-west,"ul_dash,l_climb",4,,FALSE,FALSE,,,FALSE,FALSE,https://www.youtube.com/watch?v=ToMCnVthjn0,,,
3A,01-b,east,01-b,north-west,"crouch,l_dash",3,,FALSE,FALSE,,,FALSE,FALSE,https://www.youtube.com/watch?v=392J8YRIxV4,,,
3A,08-b,east,08-b,west,"sinking_platforms,l_dash",3,,FALSE,FALSE,,,FALSE,FALSE,https://www.youtube.com/watch?v=ABZ3SNaSN44,,,
3A,03-a,west,03-a,top,"crouch,dr_dash,any_dash_u_ur_r",4,,FALSE,FALSE,,,FALSE,FALSE,https://www.youtube.com/watch?v=gzg1663JYKc,,,
3A,03-a,west,03-a,east,r_dash,3,,FALSE,FALSE,,,FALSE,FALSE,https://www.youtube.com/watch?v=O3NdBWW6bi8,,,
3A,06-b,east,06-b,west,l_climb,3,,FALSE,FALSE,,,FALSE,FALSE,https://www.youtube.com/watch?v=WhLzUU5atE0,,,
3A,06-c,north-west,06-c,Strawberry,"dr_dash,crouch,ur_dash",4,,FALSE,FALSE,,,FALSE,FALSE,https://www.youtube.com/watch?v=ufFytA-MfIs,,,
3A,06-c,south-west,06-c,Strawberry,l_climb,5,,FALSE,FALSE,,,FALSE,FALSE,https://www.youtube.com/watch?v=SLTzZeP1OC4,,,
3A,06-c,south-west,06-c,east,,5,,FALSE,FALSE,,,FALSE,FALSE,https://www.youtube.com/watch?v=R3N-Y9lMlyo,,,
3A,06-c,south-west,06-c,north-west,ur_dash,3,,FALSE,FALSE,,,FALSE,FALSE,https://www.youtube.com/watch?v=6JyuoMqUcRk,,,
3A,06-c,south-west,06-c,Strawberry,"u_dash,r_climb",4,,FALSE,FALSE,,,FALSE,FALSE,https://www.youtube.com/watch?v=7PCS25nj7Co,,,
3A,01-c,east,01-c,Cassette,"blue_cassette_blocks,crouch,dl_dash,l_climb",4,,FALSE,FALSE,,,FALSE,FALSE,https://www.youtube.com/watch?v=3aqjku9HRQI,,,
3B,back,east,back,Binoculars,l_dash,3,,FALSE,FALSE,,,FALSE,FALSE,https://www.youtube.com/watch?v=HH8NkvAB2BM,,,
3B,01,west,01,east,"crouch,dr_dash,r_climb,any_dash_ur_u_r",3,,FALSE,TRUE,,,FALSE,FALSE,https://www.youtube.com/watch?v=gHBg97LQdds,,,
3B,01,west,01,east,"r_climb,r_dash",3,,FALSE,TRUE,,,FALSE,FALSE,https://www.youtube.com/watch?v=MYdvvTxn_lE,,,
3B,04,west,04,east,"r_climb,any_dash_ur_r",4,,FALSE,FALSE,,,FALSE,FALSE,https://www.youtube.com/watch?v=LjHrTlYj5aY,,,
3B,04,west,04,east,"r_climb,any_dash_u",5,,FALSE,FALSE,,,FALSE,FALSE,https://www.youtube.com/watch?v=LjHrTlYj5aY,,,
3B,08,bottom,08,top,"r_climb,any_dash_u_ul",5,,FALSE,FALSE,,,FALSE,FALSE,https://www.youtube.com/watch?v=QA7toFfqISQ,,,
3B,end,west,end,goal,"r_dash,crouch,any_dash_ul_u_ur",3,,FALSE,FALSE,,,FALSE,FALSE,https://www.youtube.com/watch?v=jb6OE1sKb0Q,,,
4A,a-00,west,a-00,east,dr_dash,3,,FALSE,FALSE,,,FALSE,FALSE,https://www.youtube.com/watch?v=nFIfInbRlCQ,,,
4A,a-01,west,a-01,east,"crouch,dr_dash,u_dash",3,,FALSE,FALSE,,,FALSE,FALSE,https://www.youtube.com/watch?v=YHS012Q4M-Q,,,
4A,a-01,west,a-01,east,"r_dash,u_dash",3,,FALSE,FALSE,,,FALSE,FALSE,https://www.youtube.com/watch?v=USZyrnI0OTs,,,
4A,a-02,west,a-02,center,r_dash,3,,FALSE,FALSE,,,FALSE,FALSE,https://www.youtube.com/watch?v=QUY_fC9TzVk,,,
4A,a-02,center,a-02,east,r_dash,3,,FALSE,FALSE,,,FALSE,FALSE,https://www.youtube.com/watch?v=QUY_fC9TzVk,,,
4A,a-05,west,a-05,east,"crouch,dr_dash,ur_dash,r_climb",3,,FALSE,TRUE,,,FALSE,FALSE,https://www.youtube.com/watch?v=qNstz5cpXts,,,
4A,a-07,west,a-07,east,"coins,blue_boosters,crouch,any_dash_ul_u",4,,FALSE,FALSE,,,FALSE,FALSE,https://www.youtube.com/watch?v=ausItke2zy0,,,
4A,a-08,west,a-08,north-west,ur_dash,3,,FALSE,TRUE,,,FALSE,FALSE,https://www.youtube.com/watch?v=8WeZLXchvoQ,,,
4A,b-00,south,b-00,west,,3,,FALSE,FALSE,,,FALSE,FALSE,https://www.youtube.com/watch?v=xyjo4YeONvE,,,
4A,b-00,west,b-00,north-west,,3,,FALSE,FALSE,,,FALSE,FALSE,https://www.youtube.com/watch?v=-Xp8-LmQv_s,,,
4A,b-00,north-west,b-00,north-east,any_dash_ur_u,3,,FALSE,TRUE,,,FALSE,TRUE,https://www.youtube.com/watch?v=MTVOgBQZIXA,,,
4A,b-04,east,b-04,west,"u_dash,l_climb",3,,FALSE,FALSE,,,FALSE,FALSE,https://www.youtube.com/watch?v=Sb_PikBeHoI,,,
4A,b-04,east,b-04,west,u_dash,3,,FALSE,FALSE,,,FALSE,FALSE,https://www.youtube.com/watch?v=l76i3dtf8bY,,,
4A,b-06,east,b-06,west,"ul_dash,r_climb,l_climb",5,,FALSE,TRUE,,,FALSE,FALSE,https://www.youtube.com/watch?v=vVE07NI0jxw,,,
4A,b-06,east,b-06,west,"ul_dash,l_climb",6,,FALSE,TRUE,,,FALSE,FALSE,https://www.youtube.com/watch?v=FklG_cCgFDU,,,
4A,b-07,west,b-07,east,any_dash_u_ur_r,4,,FALSE,FALSE,,,FALSE,TRUE,https://www.youtube.com/watch?v=97p7RnAklGw,,,
4A,b-07,west,b-07,Strawberry,any_dash_u_ur_r,4,,FALSE,FALSE,,,FALSE,TRUE,https://www.youtube.com/watch?v=97p7RnAklGw,,,
4A,b-03,west,b-03,Strawberry,"l_climb,u_dash",4,,FALSE,FALSE,,,FALSE,FALSE,https://www.youtube.com/watch?v=mF8r0ue9J0U,,,
4A,b-03,west,b-03,Strawberry,"r_climb,ul_dash",4,,FALSE,FALSE,,,FALSE,FALSE,https://www.youtube.com/watch?v=RiHLmzyDrPA,,,
4A,b-03,west,b-03,Strawberry,"l_climb,move_blocks",3,,FALSE,FALSE,,,FALSE,FALSE,https://www.youtube.com/watch?v=_0gQ_ka3qNM,,,
4A,b-03,west,b-03,Strawberry,"r_climb,move_blocks",3,,FALSE,FALSE,,,FALSE,FALSE,https://www.youtube.com/watch?v=TdES9sB7QT4,,,
4A,b-03,west,b-03,Strawberry,ul_dash,4,,FALSE,FALSE,,,FALSE,FALSE,https://www.youtube.com/watch?v=olYNN-vg4cU,,,
4A,b-sec,west,b-sec,Crystal Heart,u_dash,4,,FALSE,FALSE,,,FALSE,FALSE,https://www.youtube.com/watch?v=lBlDMoscPew,,,
4A,b-05,center,b-05,west,"l_dash,u_dash,move_blocks",3,,FALSE,FALSE,,,FALSE,FALSE,https://www.youtube.com/watch?v=leHTRfkiNjs,,,
4A,b-05,center,b-05,west,"l_dash,u_dash,l_climb",4,,FALSE,FALSE,,,FALSE,FALSE,https://www.youtube.com/watch?v=NKt_usaMw1s,,,
4A,b-05,center,b-05,west,"ul_dash,l_climb",5,,FALSE,FALSE,,,FALSE,FALSE,https://www.youtube.com/watch?v=R6-x1j4Sq98,,,
4A,b-05,center,b-05,west,"u_dash,l_climb",5,,FALSE,FALSE,,,FALSE,FALSE,https://www.youtube.com/watch?v=CQ1NbcePwx8,,,
4A,b-05,center,b-05,west,"u_dash,dl_dash,crouch",6,,FALSE,FALSE,,,FALSE,FALSE,https://www.youtube.com/watch?v=WFCgfAWIKXI,,,
4A,b-05,center,b-05,west,"l_dash,l_climb,dl_dash,crouch",5,,FALSE,FALSE,,,FALSE,FALSE,https://www.youtube.com/watch?v=qhxval0Q0Oc,,,
4A,b-05,east,b-05,north-east,u_dash,3,,FALSE,FALSE,,,FALSE,FALSE,https://www.youtube.com/watch?v=eT9y5yQfLqM,,,
4A,b-05,east,b-05,north-east,move_blocks,3,,FALSE,FALSE,,,FALSE,FALSE,https://www.youtube.com/watch?v=erc4Wdlx3tw,,,
4A,b-05,east,b-05,north-east,ul_dash,3,,FALSE,FALSE,,,FALSE,FALSE,https://www.youtube.com/watch?v=9ywIcbSmnrA,,,
4A,b-08b,west,b-08b,east,"any_dash_u_ur_r,r_climb",4,,FALSE,FALSE,,,FALSE,TRUE,https://www.youtube.com/watch?v=WJpg5LEh1tk,,,
4A,b-08b,west,b-08b,east,"dr_dash,crouch,r_climb",4,,FALSE,FALSE,,,FALSE,FALSE,https://www.youtube.com/watch?v=WJpg5LEh1tk,,,
4A,b-08,west,b-08,Strawberry,any_dash_u_ur_r,3,,FALSE,FALSE,,,FALSE,TRUE,https://www.youtube.com/watch?v=sPpGP0BGcdU,,,
4A,b-08,west,b-08,Strawberry,ul_dash,4,,FALSE,FALSE,,,FALSE,FALSE,https://www.youtube.com/watch?v=4mTwEEDVd6E,,,
4A,b-08,west,b-08,Strawberry,crouch,3,,FALSE,FALSE,,,FALSE,FALSE,https://www.youtube.com/watch?v=xyW_2yc_3x4,,,
4A,b-08,west,b-08,east,"r_grab,ur_dash,crouch",5,,FALSE,FALSE,,,FALSE,FALSE,https://www.youtube.com/watch?v=3sb3xauQ9fs,,,
4A,b-08,west,b-08,east,"dr_dash,ur_dash,crouch",4,,FALSE,FALSE,,,FALSE,FALSE,https://www.youtube.com/watch?v=5m8n5xKDDGg,,,
4A,c-06b,east,c-06b,Strawberry,any_dash_l_ul_u,3,,FALSE,FALSE,,,FALSE,TRUE,https://www.youtube.com/watch?v=WNr_Jwx2baE,,,
4A,c-06b,east,c-06b,Strawberry,"dl_dash,crouch",3,,FALSE,FALSE,,,FALSE,FALSE,https://www.youtube.com/watch?v=WNr_Jwx2baE,,,
4A,c-09,west,c-09,east,"crouch,dr_dash,r_climb,any_dash_u_ur",5,,FALSE,FALSE,,,FALSE,FALSE,https://www.youtube.com/watch?v=85lJR0m8Sh4,,,
4A,c-09,west,c-09,east,"r_dash,r_climb",5,,FALSE,FALSE,,,FALSE,FALSE,https://youtu.be/qtRSYEVhaxY,Description of the video has the pause-buffered version where it's easier to see the inputs for the corner jump on the bottom left block,BlueRed,Seemmetor
4B,a-00,west,a-00,east,"any_dash_ur_r,blue_boosters",3,,FALSE,FALSE,,,FALSE,TRUE,https://www.youtube.com/watch?v=J_wYWg3hNgg,,,
4B,b-03,west,b-03,east,"coins,moving_platforms,crouch,u_dash,dl_dash,l_climb",3,,FALSE,FALSE,,,FALSE,FALSE,https://www.youtube.com/watch?v=xtM-O7-7QWg,,,
4B,d-02,west,d-02,east,"blue_boosters,coins,u_dash,r_climb",4,,FALSE,FALSE,,,FALSE,FALSE,https://www.youtube.com/watch?v=z-xyUwc_ZKY,,,
4B,d-02,west,d-02,east,"blue_boosters,u_dash,ul_dash,r_climb",4,,FALSE,FALSE,,,FALSE,FALSE,https://www.youtube.com/watch?v=h6r2foA1xZY,,,
4B,d-02,west,d-02,east,"blue_boosters,u_dash,ul_dash",5,,FALSE,FALSE,,,FALSE,FALSE,https://www.youtube.com/watch?v=lrNacX1-yE4,,,
4B,d-02,west,d-02,east,"blue_boosters,u_dash,l_dash",5,,FALSE,FALSE,,,FALSE,FALSE,https://www.youtube.com/watch?v=RsEG3kwQFnQ,,,
5A,a-00,west,a-00,east,"swap_blocks,dash_switches,crouch,dr_dash,any_dash_r_ur",4,,FALSE,TRUE,,,FALSE,FALSE,https://www.youtube.com/watch?v=Gwold3hCSQg,,,
5A,a-04,east,a-04,Strawberry,"crouch,dl_dash,ur_dash",3,,FALSE,FALSE,,,FALSE,FALSE,https://www.youtube.com/watch?v=TC1UgvF3aO0,,,
5A,a-04,east,a-04,Strawberry,"crouch,dl_dash,any_dash_u_r,r_climb",4,,FALSE,FALSE,,,FALSE,FALSE,https://www.youtube.com/watch?v=XARhye6yZPc,,,
5A,a-15,south,a-15,Strawberry,"coins,r_climb,any_dash_u_ul",4,,FALSE,FALSE,,,FALSE,FALSE,https://www.youtube.com/watch?v=xE67jfP5Vso,,,
5A,b-02,center,b-02,north,"crouch,ul_dash,r_climb",4,,FALSE,FALSE,,,FALSE,FALSE,https://www.youtube.com/watch?v=CIy8NBOJOJk,,,
5A,b-02,center,b-02,north,"crouch,ur_dash,l_climb",4,,FALSE,FALSE,,,FALSE,FALSE,https://www.youtube.com/watch?v=CIy8NBOJOJk,,,
5A,b-06,west,b-06,north-east,"crouch,dr_dash,u_dash,r_climb",6,,FALSE,FALSE,,,FALSE,FALSE,https://www.youtube.com/watch?v=kJgRlc_MpZc,,,
5A,b-12,west,b-12,Strawberry,u_dash,4,,FALSE,FALSE,,,FALSE,FALSE,https://www.youtube.com/watch?v=M3er-ZiUdEU,,,
5A,c-01b,west,c-01b,east,"swap_blocks,crouch,any_dash_ur_r",4,,FALSE,FALSE,,,FALSE,FALSE,https://www.youtube.com/watch?v=veluuS-0kkU,,,
5A,c-01b,west,c-01b,east,"red_boosters,crouch,any_dash_ur_r",4,,FALSE,FALSE,,,FALSE,FALSE,https://www.youtube.com/watch?v=3bM9v_z_1LM,,,
5A,c-01c,west,c-01c,east,"red_boosters,u_dash,swap_blocks",3,,FALSE,FALSE,,,FALSE,FALSE,https://www.youtube.com/watch?v=DLyzviTQ55w,,,
5A,d-03,east,d-03,west,"coins,crouch,l_dash,r_dash,u_dash",4,,FALSE,FALSE,,,FALSE,FALSE,https://www.youtube.com/watch?v=1en9K2UlGT8,,,
5A,d-04,east,d-04,west,"l_dash,ul_dash",3,,FALSE,FALSE,,,FALSE,FALSE,https://www.youtube.com/watch?v=L_-q2TohK9c,,,
5A,d-04,east,d-04,west,"crouch,dl_dash,l_climb,any_dash_ul_l",3,,FALSE,FALSE,,,FALSE,FALSE,https://www.youtube.com/watch?v=zl5oOHwJjJY,,,
5A,d-04,east,d-04,west,"crouch,dl_dash,l_climb",4,,FALSE,FALSE,,,FALSE,FALSE,https://www.youtube.com/watch?v=hjqGd5e9I-0,,,
5A,e-05,west,e-05,east,"theo_crystal,coins,u_dash",3,,FALSE,FALSE,,,FALSE,FALSE,https://www.youtube.com/watch?v=ydLjwhBn2SE,,,
5A,d-20,west,d-20,east,"coins,seekers",2,,FALSE,FALSE,,,FALSE,FALSE,https://youtu.be/Ir1pY1EKHSw,,Nitrodon,Seemmetor
5B,a-00,west,a-00,east,"dash_switches,r_climb,u_dash",5,,FALSE,FALSE,,,FALSE,FALSE,https://www.youtube.com/watch?v=QAdirjENFO4,,,
5B,b-03,main,b-03,north,"red_boosters,r_dash",3,,FALSE,FALSE,,,FALSE,FALSE,https://www.youtube.com/watch?v=GPBTVeUpN7Q,,,
5B,b-03,main,b-03,north,"red_boosters,crouch,dr_dash,r_climb",5,,FALSE,FALSE,,,FALSE,FALSE,https://www.youtube.com/watch?v=Jk7_IruCLkI,,,
5B,b-08,east,b-08,north,"dash_switches,swap_blocks,u_dash,any_dash_dl_l_ul",4,,FALSE,FALSE,,,FALSE,FALSE,https://www.youtube.com/watch?v=KFR9cculs1A,,,
5B,c-00,mirror,c-00,bottom,"crouch,r_dash,l_dash",4,,FALSE,FALSE,,,FALSE,FALSE,https://www.youtube.com/watch?v=nHUKsRTxHKM,,,
5B,c-02,west,c-02,east,"dash_switches,any_dash_ur_r_dr,any_dash_ul_u_ur,r_climb",3,,FALSE,FALSE,,,FALSE,FALSE,https://www.youtube.com/watch?v=Jsc8Cbo8gG0,,,
5C,00,west,00,east,"ur_dash,swap_blocks,dash_refills",4,,FALSE,FALSE,,,FALSE,FALSE,https://www.youtube.com/watch?v=JyB573Ai5ng,,,
6A,00,east,00,west,u_dash,4,,FALSE,FALSE,,,FALSE,FALSE,https://www.youtube.com/watch?v=gIdfPJZjmrw,,,
6A,04e,east,04e,Cassette,"kevin_blocks,crouch,dl_dash,ul_dash,any_dash_dr_r",5,,FALSE,TRUE,,,FALSE,FALSE,https://www.youtube.com/watch?v=Q5DTb1WPa6Q,,,
6A,08a,west,08a,east,"kevin_blocks,any_dash_ul_l_dl",3,,FALSE,FALSE,,,FALSE,FALSE,https://www.youtube.com/watch?v=RMKvbYG3JjE,,,
6A,08a,west,08a,east,"dash_refills,u_dash",4,,FALSE,FALSE,,,FALSE,FALSE,https://www.youtube.com/watch?v=7r-N6C2etYE,,,
6A,08b,west,08b,east,"kevin_blocks,any_dash_dl_d_dr,r_dash,r_climb",3,,FALSE,FALSE,,,FALSE,FALSE,https://www.youtube.com/watch?v=CEUtcthi5PY,,,
6A,boss-05,west,boss-05,east,"r_climb,any_dash_u_ur_r",3,,FALSE,FALSE,,,FALSE,FALSE,https://www.youtube.com/watch?v=HLyuk11DuyA,,,
6A,boss-05,west,boss-05,east,any_dash_u_ur_r,4,,FALSE,FALSE,,,FALSE,TRUE,https://www.youtube.com/watch?v=SD1LRDSgUCs,,,
6A,after-01,bottom,after-01,goal,"u_dash,r_dash,crouch,dl_dash",5,,FALSE,FALSE,,,FALSE,FALSE,https://www.youtube.com/watch?v=BfMyQkn4hiw,,,
6B,c-00,west,c-00,east,"ur_dash,crouch,l_climb",4,,FALSE,FALSE,,,FALSE,FALSE,https://www.youtube.com/watch?v=wTeRBbK1zPU,,,
7A,a-01,west,a-01,east,"crouch,dr_dash,u_dash",3,,FALSE,FALSE,,,FALSE,FALSE,https://www.youtube.com/watch?v=1yX87_dMZLg,,,
7A,a-01,west,a-01,east,"r_dash,u_dash",3,,FALSE,FALSE,,,FALSE,FALSE,https://www.youtube.com/watch?v=1yX87_dMZLg,,,
7A,a-01,west,a-01,east,ur_dash,4,,FALSE,FALSE,,,FALSE,FALSE,https://www.youtube.com/watch?v=ThPUAOyhJos,,,
7A,a-02,west,a-02,east,"crouch,dr_dash,u_dash,l_climb",4,,FALSE,FALSE,,,FALSE,FALSE,https://www.youtube.com/watch?v=YfKwyInRtp4,,,
7A,a-02,west,a-02,east,any_dash_ur_u,3,,TRUE,TRUE,,,FALSE,TRUE,https://www.youtube.com/watch?v=crs9h8VDQew,,,
7A,a-02,west,a-02,north,ur_dash,3,,FALSE,FALSE,,,FALSE,FALSE,https://www.youtube.com/watch?v=crs9h8VDQew,,,
7A,b-01,west,b-01,east,"crouch,dr_dash,ur_dash,r_climb",4,,FALSE,FALSE,,,FALSE,FALSE,https://www.youtube.com/watch?v=ijQyZDCOZgM,,,
7A,b-01,west,b-01,east,"r_dash,u_dash,r_climb",4,,FALSE,FALSE,,,FALSE,FALSE,https://www.youtube.com/watch?v=Xd-j1S4yCUk,,,
7A,b-02e,east,b-02e,Strawberry,"l_climb,any_dash_l_ul_u",3,,FALSE,FALSE,,,FALSE,FALSE,https://www.youtube.com/watch?v=vxAEeXOrsr4,,,
7A,b-03,east,b-03,north,"crouch,dl_dash,ul_dash,u_dash,l_climb",5,,FALSE,TRUE,,,FALSE,FALSE,https://www.youtube.com/watch?v=v2LrwAR0OhU,,,
7A,c-06,south,c-06,north,u_dash,3,,FALSE,FALSE,,,FALSE,FALSE,https://www.youtube.com/watch?v=T5WAfOKMXXU,,,
7A,c-07b,east,c-07b,Strawberry,"crouch,dl_dash,r_climb,any_dash_u_ur",3,,FALSE,FALSE,,,FALSE,FALSE,https://www.youtube.com/watch?v=58TI4Jvmctg,,,
7A,c-07b,east,c-07b,Strawberry,"l_dash,r_climb,any_dash_u_ur",3,,FALSE,FALSE,,,FALSE,FALSE,https://www.youtube.com/watch?v=58TI4Jvmctg,,,
7A,e-11,south,e-11,east,"blue_boosters,crouch,r_dash,u_dash,r_climb",3,,FALSE,FALSE,,,FALSE,FALSE,https://www.youtube.com/watch?v=owF6jL9mz5c,,,
7A,f-01,south,f-01,Strawberry,"ul_dash,l_climb",4,,FALSE,FALSE,,,FALSE,FALSE,https://www.youtube.com/watch?v=nUKC0DEzFUQ,,,
7A,f-07,south-east,f-07,2500 M Key,u_dash,3,,FALSE,TRUE,,,FALSE,FALSE,https://www.youtube.com/watch?v=GeJV3lfoc48,,,
7A,f-08c,west,f-08c,east,"crouch,dr_dash,any_dash_ur_r",5,,FALSE,FALSE,,,FALSE,FALSE,https://www.youtube.com/watch?v=KFqGL_N5tf0,,,
7B,f-02,west,f-02,east,"springs,swap_blocks,ur_dash,r_climb",3,,FALSE,FALSE,,,FALSE,FALSE,https://www.youtube.com/watch?v=em0OfsctcTA,,,
7C,01,west,01,Binoculars,,3,,FALSE,FALSE,,,FALSE,FALSE,https://www.youtube.com/watch?v=9qFT96O4q48,,,
7C,02,west,02,east,"springs,badeline_boosters,crouch,u_dash,r_dash",3,,FALSE,FALSE,,,FALSE,FALSE,https://www.youtube.com/watch?v=FR7Guqx-iLc,,,
8A,c-00,east,c-01,east,"ur_dash,dr_dash,l_dash,r_climb,crouch,core_blocks,dash_refills",6,,FALSE,TRUE,Cold,,FALSE,FALSE,https://youtube.com/watch?v=6XTKTQzf68Q,,NameB,Seemmetor
2A,s2,bottom,s2,Crystal Heart,,3,,FALSE,FALSE,,,FALSE,FALSE,https://www.youtube.com/watch?v=UQhZIXBMUKQ,Dash attack still happens with failed dash,0xDEAFC0DE,LeebyDeeby
2A,s1,bottom,s1,top,ul_dash,3,,FALSE,TRUE,,,FALSE,FALSE,https://www.youtube.com/watch?v=nYkU0k9g5BA,Cornerkick,0xDEAFC0DE,Seemmetor
2A,d0,north-west,d0,north,,3,,FALSE,FALSE,,,FALSE,FALSE,https://www.youtube.com/watch?v=ACVgR_-p5vA,Tight neutral,0xDEAFC0DE,Seemmetor
2A,d0,south-east,d0,east,ul_dash,3,,FALSE,FALSE,,,FALSE,FALSE,https://www.youtube.com/watch?v=Pw88rYKXKaI,Cornerkick,0xDEAFC0DE,Seemmetor
2A,d1,south-east,d1,Strawberry,"l_dash,dream_blocks,strawberry_seeds",3,,FALSE,FALSE,,,FALSE,FALSE,https://www.youtube.com/watch?v=NGwbZGTKXkU,Walking off the edge for only a couple of frames does not reset seeds,0xDEAFC0DE,Seemmetor
2A,d7,east,d7,west,"dl_dash,u_dash,crouch,l_climb,r_climb",3,,FALSE,FALSE,,,FALSE,FALSE,https://www.youtube.com/watch?v=3zVbnxB-vCY,"Normal start, Corner jumps",0xDEAFC0DE,Seemmetor
2A,d8,south-east,e8,west,l_climb,3,,FALSE,FALSE,,,FALSE,FALSE,https://www.youtube.com/watch?v=rW5V3iirkgE,Corner jumps,0xDEAFC0DE,Seemmetor
2A,d6,east,d6,center,l_dash,3,,FALSE,TRUE,,,FALSE,FALSE,https://www.youtube.com/watch?v=VumNF85gjOg,Extended super from last screen [approver note: possible without screen transition (possibly requires in-place super)],0xDEAFC0DE,Seemmetor
2A,d6,east,d6,center,l_climb,3,,FALSE,FALSE,,,FALSE,FALSE,https://www.youtube.com/watch?v=coGPhVvl2TQ,"Corner jump, 6jump",0xDEAFC0DE,Seemmetor
2A,d4,west,d4,Strawberry,ur_dash,3,,FALSE,FALSE,,,FALSE,FALSE,https://www.youtube.com/watch?v=eISni_lc0_Y,Tight neutral off bottom right wall into UR,0xDEAFC0DE,Seemmetor
1A,2,west,2,Strawberry,any_dash_u_ul_ur,2,,FALSE,FALSE,,,FALSE,TRUE,https://www.youtube.com/watch?v=g0fY5vic968,Generated from apworld logic for vanilla movement clips;,zeeveez,
1A,2,west,2,east,any_dash_r_ur,2,,FALSE,FALSE,,,FALSE,TRUE,https://www.youtube.com/watch?v=LnvQ199z2DE,Generated from apworld logic for vanilla movement clips;,zeeveez,
1A,2,west,2,east,"dr_dash,r_climb",2,,FALSE,FALSE,,,FALSE,FALSE,https://www.youtube.com/watch?v=HweXhzoPfe4,Generated from apworld logic for vanilla movement clips;,zeeveez,
1A,2,west,2,east,u_dash,2,,FALSE,FALSE,,,FALSE,FALSE,https://www.youtube.com/watch?v=-Rjp87_BgZQ,Generated from apworld logic for vanilla movement clips;,zeeveez,
1A,3,west,3,east,any_dash_r_u_ur,2,,FALSE,FALSE,,,FALSE,TRUE,https://www.youtube.com/watch?v=Yd0PikFMwXQ,Generated from apworld logic for vanilla movement clips;,zeeveez,
1A,3,west,3,east,"crouch,dr_dash",2,,FALSE,FALSE,,,FALSE,FALSE,https://www.youtube.com/watch?v=afzN0qp3098,Generated from apworld logic for vanilla movement clips;,zeeveez,
1A,4,west,4,east,traffic_blocks,2,,FALSE,FALSE,,,FALSE,FALSE,https://www.youtube.com/watch?v=Uir5GSrZpe8,Generated from apworld logic for vanilla movement clips;,zeeveez,
1A,4,west,4,east,any_dash_r_u_ul_ur,2,,FALSE,FALSE,,,FALSE,TRUE,https://www.youtube.com/watch?v=L9tbTNx4nc4,Generated from apworld logic for vanilla movement clips;,zeeveez,
1A,4,west,4,east,"crouch,dr_dash,l_dash",2,,FALSE,FALSE,,,FALSE,FALSE,https://www.youtube.com/watch?v=udt2iQvSVWE,Generated from apworld logic for vanilla movement clips;,zeeveez,
1A,4,west,4,east,"crouch,dr_dash,r_climb",2,,FALSE,FALSE,,,FALSE,FALSE,https://www.youtube.com/watch?v=bQyTaJWs-YM,Generated from apworld logic for vanilla movement clips;,zeeveez,
1A,5,bottom,5,north-west,"any_dash_l_u_ul,traffic_blocks",2,,FALSE,FALSE,,,FALSE,TRUE,https://www.youtube.com/watch?v=GqZrFTWfxtM,Generated from apworld logic for vanilla movement clips;,zeeveez,
1A,5,bottom,5,north-west,"l_climb,traffic_blocks",2,,FALSE,FALSE,,,FALSE,FALSE,https://www.youtube.com/watch?v=S9cPoXE27gA,Generated from apworld logic for vanilla movement clips;,zeeveez,
1A,5,bottom,5,center,traffic_blocks,2,,FALSE,FALSE,,,FALSE,FALSE,https://www.youtube.com/watch?v=i94geYmsVpI,Generated from apworld logic for vanilla movement clips;,zeeveez,
1A,5,bottom,5,center,"any_dash_ul_ur,r_climb",2,,FALSE,FALSE,,,FALSE,TRUE,https://www.youtube.com/watch?v=LdB-SEoVxbw,Generated from apworld logic for vanilla movement clips;,zeeveez,
1A,5,bottom,5,center,u_dash,2,,FALSE,FALSE,,,FALSE,FALSE,https://www.youtube.com/watch?v=0FXNK3b4yMk,Generated from apworld logic for vanilla movement clips;,zeeveez,
1A,5,north-west,5,center,any_dash_dr_r_u_ur,2,,FALSE,FALSE,,,FALSE,TRUE,https://www.youtube.com/watch?v=KLjV-VRWbBg,Generated from apworld logic for vanilla movement clips;,zeeveez,
1A,5,north-west,5,center,r_climb,2,,FALSE,FALSE,,,FALSE,FALSE,https://www.youtube.com/watch?v=P4wMfo6l1u0,Generated from apworld logic for vanilla movement clips;,zeeveez,
1A,5,center,5,north-west,"crouch,dl_dash,r_climb",2,,FALSE,FALSE,,,FALSE,FALSE,https://www.youtube.com/watch?v=MPnRsX7djSE,Generated from apworld logic for vanilla movement clips;,zeeveez,
1A,5,center,5,north-west,"any_dash_r_ur,crouch,dl_dash,l_climb",2,,FALSE,FALSE,,,FALSE,TRUE,https://www.youtube.com/watch?v=-0Z7aL5iYFM,Generated from apworld logic for vanilla movement clips;,zeeveez,
1A,5,center,5,north-west,"crouch,dl_dash,u_dash",2,,FALSE,FALSE,,,FALSE,FALSE,https://www.youtube.com/watch?v=LR1MAI3qp24,Generated from apworld logic for vanilla movement clips;,zeeveez,
1A,5,south-east,5,south-east-door,any_dash_dr_r_ur,2,,FALSE,FALSE,,,FALSE,TRUE,https://www.youtube.com/watch?v=C7DF2LOKKfE,Generated from apworld logic for vanilla movement clips;,zeeveez,
1A,5a,west,5a,Strawberry,traffic_blocks,2,,FALSE,FALSE,,,FALSE,FALSE,https://www.youtube.com/watch?v=1DHYI8_JsEI,Generated from apworld logic for vanilla movement clips;,zeeveez,
1A,5a,west,5a,Strawberry,any_dash_r_u_ur,2,,FALSE,FALSE,,,FALSE,TRUE,https://www.youtube.com/watch?v=CdsPEkeYZi8,Generated from apworld logic for vanilla movement clips;,zeeveez,
1A,6,south-west,6,west,,2,,FALSE,FALSE,,,FALSE,FALSE,https://www.youtube.com/watch?v=8DT94qLDNc4,Generated from apworld logic for vanilla movement clips;,zeeveez,
1A,6,west,6,east,"any_dash_r_u_ur,dash_refills",2,,FALSE,FALSE,,,FALSE,TRUE,https://www.youtube.com/watch?v=H_k5NIVb3Mk,Generated from apworld logic for vanilla movement clips;,zeeveez,
1A,6,west,6,east,"crouch,dash_refills,dr_dash",2,,FALSE,FALSE,,,FALSE,FALSE,https://www.youtube.com/watch?v=Xzg8ArHQdVM,Generated from apworld logic for vanilla movement clips;,zeeveez,
1A,6,east,6,Strawberry,any_dash_dr_r_ur,2,,FALSE,FALSE,,,FALSE,TRUE,https://www.youtube.com/watch?v=jSoXNQmqaVM,Generated from apworld logic for vanilla movement clips;,zeeveez,
1A,6z,east,6z,west,"dash_refills,u_dash",2,,FALSE,FALSE,,,FALSE,FALSE,https://www.youtube.com/watch?v=tmg3AAcavmc,Generated from apworld logic for vanilla movement clips;,zeeveez,
1A,6z,east,6z,west,any_dash_l_ul,2,,FALSE,FALSE,,,FALSE,TRUE,https://www.youtube.com/watch?v=P0gBylCafec,Generated from apworld logic for vanilla movement clips;,zeeveez,
1A,6z,east,6z,west,"crouch,dl_dash",2,,FALSE,FALSE,,,FALSE,FALSE,https://www.youtube.com/watch?v=_vF6qgD0GGU,Generated from apworld logic for vanilla movement clips;,zeeveez,
1A,7zb,east,7zb,west,"u_dash,dash_refills",2,,FALSE,FALSE,,,FALSE,FALSE,https://www.youtube.com/watch?v=jlsxfcInOJ8,Generated from apworld logic for vanilla movement clips;,zeeveez,
1A,7zb,east,7zb,west,"any_dash_l_ul,dash_refills",2,,FALSE,FALSE,,,FALSE,TRUE,https://www.youtube.com/watch?v=D9Of94J3lLg,Generated from apworld logic for vanilla movement clips;,zeeveez,
1A,7zb,east,7zb,west,l_climb,2,,FALSE,FALSE,,,FALSE,FALSE,https://www.youtube.com/watch?v=1TE2hNcYitU,Generated from apworld logic for vanilla movement clips;,zeeveez,
1A,7zb,east,7zb,west,"any_dash_l_u_ul,crouch,dl_dash",2,,FALSE,FALSE,,,FALSE,TRUE,https://www.youtube.com/watch?v=RyJsQXyaVeg,Generated from apworld logic for vanilla movement clips;,zeeveez,
1A,6a,west,6a,east,any_dash_dr_r_u_ur,2,,FALSE,FALSE,,,FALSE,TRUE,https://www.youtube.com/watch?v=q24ZsGfY9uI,Generated from apworld logic for vanilla movement clips;,zeeveez,
1A,6b,south-west,6b,north-west,traffic_blocks,2,,FALSE,FALSE,,,FALSE,FALSE,https://www.youtube.com/watch?v=WNAmEBJwoI4,Generated from apworld logic for vanilla movement clips;,zeeveez,
1A,6b,south-west,6b,north-west,u_dash,2,,FALSE,FALSE,,,FALSE,FALSE,https://www.youtube.com/watch?v=qG-5HTOTk1A,Generated from apworld logic for vanilla movement clips;,zeeveez,
1A,6b,south-west,6b,north-west,"l_climb,ur_dash",2,,FALSE,FALSE,,,FALSE,FALSE,https://www.youtube.com/watch?v=lhXIHikh3YQ,Generated from apworld logic for vanilla movement clips;,zeeveez,
1A,6b,south-west,6b,north-west,"any_dash_r_ur,ul_dash",2,,FALSE,FALSE,,,FALSE,TRUE,https://www.youtube.com/watch?v=5_pWpT0tDTo,Generated from apworld logic for vanilla movement clips;,zeeveez,
1A,6b,south-west,6b,north-west,"crouch,dr_dash,ul_dash",2,,FALSE,FALSE,,,FALSE,FALSE,https://www.youtube.com/watch?v=gybiEA8fv8E,Generated from apworld logic for vanilla movement clips;,zeeveez,
1A,6b,south-west,6b,north-east,traffic_blocks,2,,FALSE,FALSE,,,FALSE,FALSE,https://www.youtube.com/watch?v=QQf6300Rg7k,Generated from apworld logic for vanilla movement clips;,zeeveez,
1A,6b,south-west,6b,north-east,any_dash_r_ur,2,,FALSE,FALSE,,,FALSE,TRUE,https://www.youtube.com/watch?v=2RhKgfUKj9M,Generated from apworld logic for vanilla movement clips;,zeeveez,
1A,6b,south-west,6b,north-east,"crouch,dr_dash",2,,FALSE,FALSE,,,FALSE,FALSE,https://www.youtube.com/watch?v=8ai2lkbCQAU,Generated from apworld logic for vanilla movement clips;,zeeveez,
1A,s0,east,s0,west,"l_climb,traffic_blocks",2,,FALSE,FALSE,,,FALSE,FALSE,https://www.youtube.com/watch?v=d4skv5N_UQM,Generated from apworld logic for vanilla movement clips;,zeeveez,
1A,s1,east,s1,Strawberry,any_dash_dl_l_u_ul,2,,FALSE,FALSE,,,FALSE,TRUE,https://www.youtube.com/watch?v=Ckta1CwCK2w,Generated from apworld logic for vanilla movement clips;,zeeveez,
1A,s1,east,s1,Crystal Heart,"dr_dash,l_dash,u_dash,ul_dash,ur_dash",2,,FALSE,FALSE,,,FALSE,FALSE,https://www.youtube.com/watch?v=EkWDYj7wB6I,Generated from apworld logic for vanilla movement clips;,zeeveez,
1A,6c,south-west,6c,north-west,any_dash_l_u_ul,2,,FALSE,FALSE,,,FALSE,TRUE,https://www.youtube.com/watch?v=moLrkocLpq0,Generated from apworld logic for vanilla movement clips;,zeeveez,
1A,6c,south-west,6c,north-west,ur_dash,2,,FALSE,FALSE,,,FALSE,FALSE,https://www.youtube.com/watch?v=ejCbGOjZL58,Generated from apworld logic for vanilla movement clips;,zeeveez,
1A,6c,south-west,6c,north-west,springs,2,,FALSE,FALSE,,,FALSE,FALSE,https://www.youtube.com/watch?v=WUpuaUM9Q6I,Generated from apworld logic for vanilla movement clips;,zeeveez,
1A,6c,south-west,6c,north-east,springs,2,,FALSE,FALSE,,,FALSE,FALSE,https://www.youtube.com/watch?v=62deqVqZoy8,Generated from apworld logic for vanilla movement clips;,zeeveez,
1A,6c,south-west,6c,north-east,r_climb,2,,FALSE,FALSE,,,FALSE,FALSE,https://www.youtube.com/watch?v=4CJBU7SSqzU,Generated from apworld logic for vanilla movement clips;,zeeveez,
1A,6c,south-west,6c,north-east,any_dash_dr_r_u_ur,2,,FALSE,FALSE,,,FALSE,TRUE,https://www.youtube.com/watch?v=t23cNTzhZb0,Generated from apworld logic for vanilla movement clips;,zeeveez,
1A,7,west,7,east,,2,,FALSE,FALSE,,,FALSE,FALSE,https://www.youtube.com/watch?v=NDKB6dWXSLo,Generated from apworld logic for vanilla movement clips;,zeeveez,
1A,7z,bottom,7z,Strawberry,"dash_refills,u_dash",2,,FALSE,FALSE,,,FALSE,FALSE,https://www.youtube.com/watch?v=x7HETYqFFoE,Generated from apworld logic for vanilla movement clips;,zeeveez,
1A,7z,bottom,7z,Strawberry,"any_dash_r_ur,crouch,dash_refills,dl_dash",2,,FALSE,FALSE,,,FALSE,TRUE,https://www.youtube.com/watch?v=TxhJJcEy1jA,Generated from apworld logic for vanilla movement clips;,zeeveez,
1A,7z,bottom,7z,Strawberry,"any_dash_l_ul,any_dash_r_ur,dash_refills",2,,FALSE,FALSE,,,FALSE,TRUE,https://www.youtube.com/watch?v=EW0LNPpeTr8,Generated from apworld logic for vanilla movement clips;,zeeveez,
1A,7z,bottom,7z,top,any_dash_u_ul,2,,FALSE,FALSE,,,FALSE,TRUE,https://www.youtube.com/watch?v=2EoFWsLy8Dw,Generated from apworld logic for vanilla movement clips;,zeeveez,
1A,7z,bottom,7z,top,"crouch,dl_dash,ur_dash",2,,FALSE,FALSE,,,FALSE,FALSE,https://www.youtube.com/watch?v=14x7C0yVkCE,Generated from apworld logic for vanilla movement clips;,zeeveez,
1A,8z,bottom,8z,top,r_climb,2,,FALSE,FALSE,,,FALSE,FALSE,https://www.youtube.com/watch?v=8dpHAyZgNzY,Generated from apworld logic for vanilla movement clips;,zeeveez,
1A,8z,bottom,8z,top,any_dash_r_u_ul_ur,2,,FALSE,FALSE,,,FALSE,TRUE,https://www.youtube.com/watch?v=_bb5MrBg6J0,Generated from apworld logic for vanilla movement clips;,zeeveez,
1A,8z,bottom,8z,top,"crouch,dr_dash",2,,FALSE,FALSE,,,FALSE,FALSE,https://www.youtube.com/watch?v=Z5v1Crg188c,Generated from apworld logic for vanilla movement clips;,zeeveez,
1A,8zb,west,8zb,center,r_climb,2,,FALSE,FALSE,,,FALSE,FALSE,https://www.youtube.com/watch?v=_zarJB10JLo,Generated from apworld logic for vanilla movement clips;,zeeveez,
1A,8zb,west,8zb,center,any_dash_r_u_ur,2,,FALSE,FALSE,,,FALSE,TRUE,https://www.youtube.com/watch?v=8ywISVthQtA,Generated from apworld logic for vanilla movement clips;,zeeveez,
1A,8zb,center,8zb,Strawberry,,2,,FALSE,FALSE,,,FALSE,FALSE,https://www.youtube.com/watch?v=lm8ND34X_As,Generated from apworld logic for vanilla movement clips;,zeeveez,
1A,8zb,center,8zb,east,"any_dash_r_ur,dash_refills",2,,FALSE,FALSE,,,FALSE,TRUE,https://www.youtube.com/watch?v=XWEOG2MqhBU,Generated from apworld logic for vanilla movement clips;,zeeveez,
1A,8zb,center,8zb,east,"u_dash,dash_refills",2,,FALSE,FALSE,,,FALSE,FALSE,https://www.youtube.com/watch?v=4qOlGgdAA1o,Generated from apworld logic for vanilla movement clips;,zeeveez,
1A,8zb,center,8zb,east,r_climb,2,,FALSE,FALSE,,,FALSE,FALSE,https://www.youtube.com/watch?v=ztA1010ZWbI,Generated from apworld logic for vanilla movement clips;,zeeveez,
1A,8,south-west,8,south,any_dash_dr_r,2,,FALSE,FALSE,,,FALSE,TRUE,https://www.youtube.com/watch?v=yFrhPHhttXo,Generated from apworld logic for vanilla movement clips;,zeeveez,
1A,8,south-west,8,north,u_dash,2,,FALSE,FALSE,,,FALSE,FALSE,https://www.youtube.com/watch?v=9G-VXZS6d0A,Generated from apworld logic for vanilla movement clips;,zeeveez,
1A,8,south-west,8,north,"ur_dash,ul_dash",2,,FALSE,FALSE,,,FALSE,FALSE,https://www.youtube.com/watch?v=-8VohXYb-oI,Generated from apworld logic for vanilla movement clips;,zeeveez,
1A,8,south-west,8,north,"crouch,dr_dash,ul_dash",2,,FALSE,FALSE,,,FALSE,FALSE,https://www.youtube.com/watch?v=XcVAbrMt9jc,Generated from apworld logic for vanilla movement clips;,zeeveez,
1A,8,south-west,8,north,"any_dash_r_ur,l_climb",2,,FALSE,FALSE,,,FALSE,TRUE,https://www.youtube.com/watch?v=QIVhg6y2AFE,Generated from apworld logic for vanilla movement clips;,zeeveez,
1A,8,south-west,8,north-east,any_dash_r_u_ur,2,,FALSE,FALSE,,,FALSE,TRUE,https://www.youtube.com/watch?v=QEJkS2uFc-Y,Generated from apworld logic for vanilla movement clips;,zeeveez,
1A,8,south-east,8,north,any_dash_u_ul,2,,FALSE,FALSE,,,FALSE,TRUE,https://www.youtube.com/watch?v=fx9XwsOd8n0,Generated from apworld logic for vanilla movement clips;,zeeveez,
1A,8,south-east,8,north,l_climb,2,,FALSE,FALSE,,,FALSE,FALSE,https://www.youtube.com/watch?v=JvZCArhKrzU,Generated from apworld logic for vanilla movement clips;,zeeveez,
1A,8,south-east,8,north-east,,2,,FALSE,FALSE,,,FALSE,FALSE,https://www.youtube.com/watch?v=SDFPslGNHaM,Generated from apworld logic for vanilla movement clips;,zeeveez,
1A,7a,east,7a,Strawberry,,2,,FALSE,FALSE,,,FALSE,FALSE,https://www.youtube.com/watch?v=oKrEUk5tA-g,Generated from apworld logic for vanilla movement clips;,zeeveez,
1A,7a,west,7a,east,,2,,FALSE,FALSE,,,FALSE,FALSE,https://www.youtube.com/watch?v=6vqvRvJJ6_g,Generated from apworld logic for vanilla movement clips;,zeeveez,
1A,9z,east,9z,Strawberry,"r_climb,traffic_blocks",2,,FALSE,FALSE,,,FALSE,FALSE,https://www.youtube.com/watch?v=POOGfXKFPOc,Generated from apworld logic for vanilla movement clips;,zeeveez,
1A,9z,east,9z,Strawberry,"l_climb,traffic_blocks",2,,FALSE,FALSE,,,FALSE,FALSE,https://www.youtube.com/watch?v=ClCGAmG51Eo,Generated from apworld logic for vanilla movement clips;,zeeveez,
1A,9z,east,9z,Strawberry,"any_dash_l_u_ul,traffic_blocks",2,,FALSE,FALSE,,,FALSE,TRUE,https://www.youtube.com/watch?v=nlojvuUH2OA,Generated from apworld logic for vanilla movement clips;,zeeveez,
1A,9z,east,9z,Strawberry,"any_dash_l_u_ul,l_climb",2,,FALSE,FALSE,,,FALSE,TRUE,https://www.youtube.com/watch?v=Rh2YCR7UoOo,Generated from apworld logic for vanilla movement clips;,zeeveez,
1A,8b,east,8b,Strawberry,traffic_blocks,2,,FALSE,FALSE,,,FALSE,FALSE,https://www.youtube.com/watch?v=dnc3NvlFYjI,Generated from apworld logic for vanilla movement clips;,zeeveez,
1A,8b,west,8b,east,traffic_blocks,2,,FALSE,FALSE,,,FALSE,FALSE,https://www.youtube.com/watch?v=BE71o_Hx2yg,Generated from apworld logic for vanilla movement clips;,zeeveez,
1A,8b,west,8b,east,u_dash,2,,FALSE,FALSE,,,FALSE,FALSE,https://www.youtube.com/watch?v=8iE9xwdY2Fc,Generated from apworld logic for vanilla movement clips;,zeeveez,
1A,9,east,9,Strawberry,u_dash,2,,FALSE,FALSE,,,FALSE,FALSE,https://www.youtube.com/watch?v=ffFW9pN3iqA,Generated from apworld logic for vanilla movement clips;,zeeveez,
1A,9,east,9,Strawberry,"any_dash_l_ul,l_climb,traffic_blocks",2,,FALSE,FALSE,,,FALSE,TRUE,https://www.youtube.com/watch?v=AAUXWg07Wi8,Generated from apworld logic for vanilla movement clips;,zeeveez,
1A,9,west,9,east,"r_climb,traffic_blocks",2,,FALSE,FALSE,,,FALSE,FALSE,https://www.youtube.com/watch?v=EG8zD3UqZfI,Generated from apworld logic for vanilla movement clips;,zeeveez,
1A,9,west,9,east,"l_climb,traffic_blocks",2,,FALSE,FALSE,,,FALSE,FALSE,https://www.youtube.com/watch?v=fdZ3MUqhUbQ,Generated from apworld logic for vanilla movement clips;,zeeveez,
1A,9,west,9,east,any_dash_u_ur,2,,FALSE,FALSE,,,FALSE,TRUE,https://www.youtube.com/watch?v=of6xl_bq6X4,Generated from apworld logic for vanilla movement clips;,zeeveez,
1A,9b,east,9b,Strawberry,u_dash,2,,FALSE,FALSE,,,FALSE,FALSE,https://www.youtube.com/watch?v=sQxMfYA7zG0,Generated from apworld logic for vanilla movement clips;,zeeveez,
1A,9b,south-west,9b,west,,2,,FALSE,FALSE,,,FALSE,FALSE,https://www.youtube.com/watch?v=-X8cla7bQQc,Generated from apworld logic for vanilla movement clips;,zeeveez,
1A,9b,west,9b,east,"l_climb,traffic_blocks",2,,FALSE,FALSE,,,FALSE,FALSE,https://www.youtube.com/watch?v=ShnzAoAKleY,Generated from apworld logic for vanilla movement clips;,zeeveez,
1A,9b,west,9b,east,"crouch,dr_dash",2,,FALSE,FALSE,,,FALSE,FALSE,https://www.youtube.com/watch?v=SSdEJzvt9c8,Generated from apworld logic for vanilla movement clips;,zeeveez,
1A,9b,west,9b,north-west,"l_climb,traffic_blocks",2,,FALSE,FALSE,,,FALSE,FALSE,https://www.youtube.com/watch?v=8p3nt5tdXHM,Generated from apworld logic for vanilla movement clips;,zeeveez,
1A,9c,west,9c,Strawberry,traffic_blocks,2,,FALSE,FALSE,,,FALSE,FALSE,https://www.youtube.com/watch?v=yoG_Ol6o9TI,Generated from apworld logic for vanilla movement clips;,zeeveez,
1A,10,south-east,10,north-west,"any_dash_u_ul_ur,traffic_blocks",2,,FALSE,FALSE,,,FALSE,TRUE,https://www.youtube.com/watch?v=WB3s-y_hMHo,Generated from apworld logic for vanilla movement clips;,zeeveez,
1A,10z,east,10z,west,,2,,FALSE,FALSE,,,FALSE,FALSE,https://www.youtube.com/watch?v=Bfi-tNF8LNk,Generated from apworld logic for vanilla movement clips;,zeeveez,
1A,10zb,east,10zb,Strawberry,,2,,FALSE,FALSE,,,FALSE,FALSE,https://www.youtube.com/watch?v=aPXcxa_Pclo,Generated from apworld logic for vanilla movement clips;,zeeveez,
1A,11,south-east,11,north,"any_dash_dl_l_u_ul,l_climb",2,,FALSE,FALSE,,,FALSE,TRUE,https://www.youtube.com/watch?v=bLP6CF6q-l8,Generated from apworld logic for vanilla movement clips;,zeeveez,
1A,11,south-west,11,south,"any_dash_u_ul,l_climb,traffic_blocks",2,,FALSE,FALSE,,,FALSE,TRUE,https://www.youtube.com/watch?v=NTdi3U8NAAM,Generated from apworld logic for vanilla movement clips;,zeeveez,
1A,11,south-west,11,west,"any_dash_u_ul,l_climb,traffic_blocks",2,,FALSE,FALSE,,,FALSE,TRUE,https://www.youtube.com/watch?v=2TpZlzPdrd4,Generated from apworld logic for vanilla movement clips;,zeeveez,
1A,11z,east,11z,Cassette,"blue_cassette_blocks,u_dash",2,,FALSE,FALSE,,,FALSE,FALSE,https://www.youtube.com/watch?v=9SVu_Mk-i6I,Generated from apworld logic for vanilla movement clips;,zeeveez,
1A,11z,east,11z,Cassette,"blue_cassette_blocks,pink_cassette_blocks",2,,FALSE,FALSE,,,FALSE,FALSE,https://www.youtube.com/watch?v=HLt_t589SMo,Generated from apworld logic for vanilla movement clips;,zeeveez,
1A,11z,east,11z,Cassette,"any_dash_l_ul,any_dash_r_u_ur,pink_cassette_blocks",2,,FALSE,FALSE,,,FALSE,TRUE,https://www.youtube.com/watch?v=2I19IBMA54E,Generated from apworld logic for vanilla movement clips;,zeeveez,
1A,11z,east,11z,Cassette,"any_dash_l_ul,crouch,dr_dash,pink_cassette_blocks",2,,FALSE,FALSE,,,FALSE,TRUE,https://www.youtube.com/watch?v=pRWQKyy0AWA,Generated from apworld logic for vanilla movement clips;,zeeveez,
1A,11z,east,11z,Cassette,"any_dash_r_u_ur,crouch,dl_dash,pink_cassette_blocks",2,,FALSE,FALSE,,,FALSE,TRUE,https://www.youtube.com/watch?v=U_E6JjWW8lg,Generated from apworld logic for vanilla movement clips;,zeeveez,
1A,11z,east,11z,Cassette,"crouch,dl_dash,dr_dash,pink_cassette_blocks",2,,FALSE,FALSE,,,FALSE,FALSE,https://www.youtube.com/watch?v=tk7vV2DIwAU,Generated from apworld logic for vanilla movement clips;,zeeveez,
1A,11z,east,11z,Cassette,"any_dash_l_ul,pink_cassette_blocks,traffic_blocks",2,,FALSE,FALSE,,,FALSE,TRUE,https://www.youtube.com/watch?v=_yn9qaQj5F4,Generated from apworld logic for vanilla movement clips;,zeeveez,
1A,11z,east,11z,Cassette,"crouch,dl_dash,pink_cassette_blocks,traffic_blocks",2,,FALSE,FALSE,,,FALSE,FALSE,https://www.youtube.com/watch?v=eoY5ISXYo1U,Generated from apworld logic for vanilla movement clips;,zeeveez,
1A,11z,east,11z,Cassette,"any_dash_l_ul,any_dash_r_ur,blue_cassette_blocks",2,,FALSE,FALSE,,,FALSE,TRUE,https://www.youtube.com/watch?v=tIy9rMNr42U,Generated from apworld logic for vanilla movement clips;,zeeveez,
1A,11z,east,11z,Cassette,"any_dash_l_ul,blue_cassette_blocks,crouch,dr_dash",2,,FALSE,FALSE,,,FALSE,TRUE,https://www.youtube.com/watch?v=hosvU_J6whw,Generated from apworld logic for vanilla movement clips;,zeeveez,
1A,11z,east,11z,Cassette,"any_dash_r_ur,blue_cassette_blocks,crouch,dl_dash",2,,FALSE,FALSE,,,FALSE,TRUE,https://www.youtube.com/watch?v=fDmQeQRr0Qg,Generated from apworld logic for vanilla movement clips;,zeeveez,
1A,11z,east,11z,Cassette,"blue_cassette_blocks,crouch,dl_dash,dr_dash",2,,FALSE,FALSE,,,FALSE,FALSE,https://www.youtube.com/watch?v=uGmBx2Hy2Iw,Generated from apworld logic for vanilla movement clips;,zeeveez,
1A,11z,east,11z,Cassette,"any_dash_l_ul,blue_cassette_blocks,traffic_blocks",2,,FALSE,FALSE,,,FALSE,TRUE,https://www.youtube.com/watch?v=szh2FMuhBbU,Generated from apworld logic for vanilla movement clips;,zeeveez,
1A,11z,east,11z,Cassette,"blue_cassette_blocks,crouch,dl_dash,traffic_blocks",2,,FALSE,FALSE,,,FALSE,FALSE,https://www.youtube.com/watch?v=NwDVrRtO5qA,Generated from apworld logic for vanilla movement clips;,zeeveez,
1A,10a,bottom,10a,top,u_dash,2,,FALSE,FALSE,,,FALSE,FALSE,https://www.youtube.com/watch?v=c6AU4uzZMuY,Generated from apworld logic for vanilla movement clips;,zeeveez,
1A,10a,bottom,10a,top,ul_dash,2,,FALSE,FALSE,,,FALSE,FALSE,https://www.youtube.com/watch?v=QBPYLykXMkw,Generated from apworld logic for vanilla movement clips;,zeeveez,
1A,10a,bottom,10a,top,"ur_dash,l_dash",2,,FALSE,FALSE,,,FALSE,FALSE,https://www.youtube.com/watch?v=mtIsacVebfo,Generated from apworld logic for vanilla movement clips;,zeeveez,
1A,10a,bottom,10a,top,"l_dash,r_climb,r_dash",2,,FALSE,FALSE,,,FALSE,FALSE,https://www.youtube.com/watch?v=k7PZ_Kg9mCI,Generated from apworld logic for vanilla movement clips;,zeeveez,
1A,10a,bottom,10a,top,"crouch,dr_dash,l_dash,r_climb",2,,FALSE,FALSE,,,FALSE,FALSE,https://www.youtube.com/watch?v=oHku0EzSm3Q,Generated from apworld logic for vanilla movement clips;,zeeveez,
1A,12,south-west,12,north-west,,2,,FALSE,FALSE,,,FALSE,FALSE,https://www.youtube.com/watch?v=p63cTMWAtZw,Generated from apworld logic for vanilla movement clips;,zeeveez,
1A,12,north-west,12,north-west-door,l_climb,2,,FALSE,FALSE,,,FALSE,FALSE,https://www.youtube.com/watch?v=vr7yLjJe2DM,Generated from apworld logic for vanilla movement clips;,zeeveez,
1A,12,north-west,12,east,"any_dash_r_u_ur,l_climb",2,,FALSE,FALSE,,,FALSE,TRUE,https://www.youtube.com/watch?v=5YxgsepHoqM,Generated from apworld logic for vanilla movement clips;,zeeveez,
1A,12z,east,12z,Strawberry,"any_dash_l_ul,any_dash_r_ur,dash_refills",2,,FALSE,FALSE,,,FALSE,TRUE,https://www.youtube.com/watch?v=23KB7gRcTeo,Generated from apworld logic for vanilla movement clips;,zeeveez,
1A,12z,east,12z,Strawberry,"dash_refills,u_dash",2,,FALSE,FALSE,,,FALSE,FALSE,https://www.youtube.com/watch?v=iZ66agc9FRc,Generated from apworld logic for vanilla movement clips;,zeeveez,
1A,12a,bottom,12a,top,"any_dash_r_ur,l_climb,r_climb,springs,traffic_blocks",2,,FALSE,FALSE,,,FALSE,TRUE,https://www.youtube.com/watch?v=92PYhpykiPY,Generated from apworld logic for vanilla movement clips;,zeeveez,
1A,12a,bottom,12a,top,"springs,u_dash",2,,FALSE,FALSE,,,FALSE,FALSE,https://www.youtube.com/watch?v=Bf9dp7FqQEM,Generated from apworld logic for vanilla movement clips;,zeeveez,
1B,00,west,00,east,any_dash_u_ur,2,,FALSE,FALSE,,,FALSE,TRUE,https://www.youtube.com/watch?v=uQ8XDK9NjBs,Generated from apworld logic for vanilla movement clips;,zeeveez,
1B,00,west,00,east,r_climb,2,,FALSE,FALSE,,,FALSE,FALSE,https://www.youtube.com/watch?v=jDCgbjdPnuY,Generated from apworld logic for vanilla movement clips;,zeeveez,
1B,01,west,01,east,"r_climb,traffic_blocks",2,,FALSE,FALSE,,,FALSE,FALSE,https://www.youtube.com/watch?v=vPN61hvGeVU,Generated from apworld logic for vanilla movement clips;,zeeveez,
1B,01,west,01,east,"crouch,l_climb,r_dash,traffic_blocks",2,,FALSE,FALSE,,,FALSE,FALSE,https://www.youtube.com/watch?v=MUoa1fNbfBg,Generated from apworld logic for vanilla movement clips;,zeeveez,
1B,01,west,01,east,"any_dash_u_ur,crouch,dr_dash,l_climb,traffic_blocks",2,,FALSE,FALSE,,,FALSE,TRUE,https://www.youtube.com/watch?v=LCRbM6HnoEk,Generated from apworld logic for vanilla movement clips;,zeeveez,
1B,02,west,02,east,"r_climb,traffic_blocks,any_dash_ul_u_ur_r",2,,FALSE,FALSE,,,FALSE,FALSE,https://www.youtube.com/watch?v=s-rg9tT-HcE,Generated from apworld logic for vanilla movement clips;,zeeveez,
1B,02,west,02,east,"any_dash_r_u_ur,crouch,dr_dash,r_climb",2,,FALSE,FALSE,,,FALSE,TRUE,https://www.youtube.com/watch?v=Ijo4FNmoQy8,Generated from apworld logic for vanilla movement clips;,zeeveez,
1B,02b,west,02b,east,"r_climb,traffic_blocks",2,,FALSE,FALSE,,,FALSE,FALSE,https://www.youtube.com/watch?v=w24HtGbWYUY,Generated from apworld logic for vanilla movement clips;,zeeveez,
1B,02b,west,02b,east,"l_climb,traffic_blocks",2,,FALSE,FALSE,,,FALSE,FALSE,https://www.youtube.com/watch?v=C15QHrLIOkk,Generated from apworld logic for vanilla movement clips;,zeeveez,
1B,03,west,03,east,"dash_refills,l_climb,traffic_blocks,u_dash",2,,FALSE,FALSE,,,FALSE,FALSE,https://www.youtube.com/watch?v=S19qd-L1Zrg,Generated from apworld logic for vanilla movement clips;,zeeveez,
1B,04,west,04,east,"crouch,traffic_blocks,u_dash",2,,FALSE,FALSE,,,FALSE,FALSE,https://www.youtube.com/watch?v=50Psw_3hgRA,Generated from apworld logic for vanilla movement clips;,zeeveez,
1B,04,west,04,east,"crouch,r_climb,traffic_blocks,ur_dash",2,,FALSE,FALSE,,,FALSE,FALSE,https://www.youtube.com/watch?v=aEO8ieDInqE,Generated from apworld logic for vanilla movement clips;,zeeveez,
1B,04,west,04,east,"crouch,springs,traffic_blocks,ur_dash",2,,FALSE,FALSE,,,FALSE,FALSE,https://www.youtube.com/watch?v=cifQsn4nw8g,Generated from apworld logic for vanilla movement clips;,zeeveez,
1B,05,west,05,east,"any_dash_r_u_ur,r_climb,traffic_blocks",2,,FALSE,FALSE,,,FALSE,TRUE,https://www.youtube.com/watch?v=06AC2uNzo3U,Generated from apworld logic for vanilla movement clips;,zeeveez,
1B,05b,west,05b,east,"any_dash_u_ur,dash_refills",2,,FALSE,FALSE,,,FALSE,TRUE,https://www.youtube.com/watch?v=BV8MkmlTVuY,Generated from apworld logic for vanilla movement clips;,zeeveez,
1B,06,west,06,east,"any_dash_r_ur,dash_refills,u_dash",2,,FALSE,FALSE,,,FALSE,TRUE,https://www.youtube.com/watch?v=Vl8Lrv36wBU,Generated from apworld logic for vanilla movement clips;,zeeveez,
1B,06,west,06,east,"dash_refills,springs,ur_dash",2,,FALSE,FALSE,,,FALSE,FALSE,https://www.youtube.com/watch?v=d20vEG0NyoA,Generated from apworld logic for vanilla movement clips;,zeeveez,
1B,06,west,06,east,"dash_refills,r_dash,springs,ul_dash",2,,FALSE,FALSE,,,FALSE,FALSE,https://www.youtube.com/watch?v=uq-EBg5H-BE,Generated from apworld logic for vanilla movement clips;,zeeveez,
1B,07,bottom,07,top,"any_dash_l_ul,r_climb,traffic_blocks",2,,FALSE,FALSE,,,FALSE,TRUE,https://www.youtube.com/watch?v=t0OaFNJj6vE,Generated from apworld logic for vanilla movement clips;,zeeveez,
1B,07,bottom,07,top,"l_climb,r_climb,traffic_blocks,u_dash",2,,FALSE,FALSE,,,FALSE,FALSE,https://www.youtube.com/watch?v=s3WolmTafM4,Generated from apworld logic for vanilla movement clips;,zeeveez,
1B,08,west,08,east,"l_climb,r_climb,traffic_blocks,u_dash",2,,FALSE,FALSE,,,FALSE,FALSE,https://www.youtube.com/watch?v=HTEo-SmAQ-U,Generated from apworld logic for vanilla movement clips;,zeeveez,
1B,08,west,08,east,"any_dash_r_ur,l_climb,r_climb,traffic_blocks,ul_dash",2,,FALSE,FALSE,,,FALSE,TRUE,https://www.youtube.com/watch?v=JK7A-EBxxGY,Generated from apworld logic for vanilla movement clips;,zeeveez,
1B,08b,west,08b,east,"any_dash_r_u_ur,l_climb,r_climb,traffic_blocks",2,,FALSE,FALSE,,,FALSE,TRUE,https://www.youtube.com/watch?v=RYbgAmW_UJ0,Generated from apworld logic for vanilla movement clips;,zeeveez,
1B,09,west,09,east,"any_dash_u_ul,traffic_blocks",2,,FALSE,FALSE,,,FALSE,TRUE,https://www.youtube.com/watch?v=kUjo0XSlR3k,Generated from apworld logic for vanilla movement clips;,zeeveez,
1B,09,west,09,east,"l_climb,traffic_blocks,ur_dash",2,,FALSE,FALSE,,,FALSE,FALSE,https://www.youtube.com/watch?v=A25FZdhSA4Q,Generated from apworld logic for vanilla movement clips;,zeeveez,
1B,09,west,09,east,"l_climb,u_dash",2,,FALSE,FALSE,,,FALSE,FALSE,https://www.youtube.com/watch?v=Hg76SMeo8hM,Generated from apworld logic for vanilla movement clips;,zeeveez,
1B,09,west,09,east,"l_climb,r_climb,ul_dash",2,,FALSE,FALSE,,,FALSE,FALSE,https://www.youtube.com/watch?v=f9KVycOq1Iw,Generated from apworld logic for vanilla movement clips;,zeeveez,
1B,10,west,10,east,"any_dash_r_u_ur,dash_refills,l_climb,traffic_blocks",2,,FALSE,FALSE,,,FALSE,TRUE,https://www.youtube.com/watch?v=5f0XxOp3mAM,Generated from apworld logic for vanilla movement clips;,zeeveez,
1B,11,bottom,11,top,"any_dash_u_ul,l_climb,r_climb,traffic_blocks",2,,FALSE,FALSE,,,FALSE,TRUE,https://www.youtube.com/watch?v=o7_BDaAbD8Y,Generated from apworld logic for vanilla movement clips;,zeeveez,
1B,11,bottom,11,top,"l_climb,l_dash,r_climb,traffic_blocks,ur_dash",2,,FALSE,FALSE,,,FALSE,FALSE,https://www.youtube.com/watch?v=Y3dM3Ut09GE,Generated from apworld logic for vanilla movement clips;,zeeveez,
1B,end,west,end,goal,"any_dash_l_u_ul,blue_cassette_blocks,pink_cassette_blocks,r_climb",2,,FALSE,FALSE,,,FALSE,TRUE,https://www.youtube.com/watch?v=DjoZo0EuypI,Generated from apworld logic for vanilla movement clips;,zeeveez,
1C,00,west,00,east,"any_dash_u_ur,dash_refills,r_climb,traffic_blocks",2,,FALSE,FALSE,,,FALSE,TRUE,https://www.youtube.com/watch?v=xqLGK0iE68A,Generated from apworld logic for vanilla movement clips;,zeeveez,
1C,00,west,00,east,"dash_refills,l_climb,r_climb,r_dash,traffic_blocks",2,,FALSE,FALSE,,,FALSE,FALSE,https://www.youtube.com/watch?v=yykRr9Eah-8,Generated from apworld logic for vanilla movement clips;,zeeveez,
1C,01,west,01,east,"any_dash_r_u_ur,l_climb,r_climb,traffic_blocks",2,,FALSE,FALSE,,,FALSE,TRUE,https://www.youtube.com/watch?v=Zeg8XuvTO54,Generated from apworld logic for vanilla movement clips;,zeeveez,
1C,01,west,01,east,"crouch,dr_dash,l_climb,r_climb,traffic_blocks",2,,FALSE,FALSE,,,FALSE,FALSE,https://www.youtube.com/watch?v=5JD0qpaNr94,Generated from apworld logic for vanilla movement clips;,zeeveez,
1C,02,west,02,goal,"any_dash_r_ul,coins,l_climb,r_climb,traffic_blocks,u_dash",2,,FALSE,FALSE,,,FALSE,TRUE,https://www.youtube.com/watch?v=uudEmmXM-_o,Generated from apworld logic for vanilla movement clips;,zeeveez,
1C,02,west,02,goal,"coins,l_climb,r_climb,traffic_blocks,ul_dash,ur_dash",2,,FALSE,FALSE,,,FALSE,FALSE,https://www.youtube.com/watch?v=IvO-5Kycgp0,Generated from apworld logic for vanilla movement clips;,zeeveez,
1C,02,west,02,goal,"any_dash_r_ul,crouch,dr_dash,l_climb,r_climb,traffic_blocks,u_dash",2,,FALSE,FALSE,,,FALSE,TRUE,https://www.youtube.com/watch?v=sC2cba7QaRE,Generated from apworld logic for vanilla movement clips;,zeeveez,
1C,02,west,02,goal,"crouch,dr_dash,l_climb,r_climb,traffic_blocks,ul_dash,ur_dash",2,,FALSE,FALSE,,,FALSE,FALSE,https://www.youtube.com/watch?v=S6G8iYSF3pk,Generated from apworld logic for vanilla movement clips;,zeeveez,
2A,start,main,start,east,,2,,FALSE,FALSE,,,FALSE,FALSE,https://www.youtube.com/watch?v=xRP5ASzMWsI,Generated from apworld logic for vanilla movement clips;,0xDEAFC0DE,
2A,start,top,start,east,,2,,FALSE,FALSE,,,FALSE,FALSE,https://www.youtube.com/watch?v=2wbhk_Rrj1o,Generated from apworld logic for vanilla movement clips;,0xDEAFC0DE,
2A,start,top,start,main,,2,,FALSE,FALSE,,,FALSE,FALSE,https://www.youtube.com/watch?v=KF5lL-SH-6U,Generated from apworld logic for vanilla movement clips;,0xDEAFC0DE,
2A,start,east,start,main,,2,,FALSE,FALSE,,,FALSE,FALSE,https://www.youtube.com/watch?v=5B4cY6wWp0U,Generated from apworld logic for vanilla movement clips;,0xDEAFC0DE,
2A,start,east,start,top,u_dash,2,,FALSE,TRUE,,,FALSE,FALSE,https://www.youtube.com/watch?v=-u9FprEXtxc,Generated from apworld logic for vanilla movement clips;,0xDEAFC0DE,
2A,start,east,start,top,"ul_dash,ur_dash",2,,FALSE,TRUE,,,FALSE,FALSE,https://www.youtube.com/watch?v=DZv9qeAKtVE,Generated from apworld logic for vanilla movement clips;,0xDEAFC0DE,
2A,start,east,start,top,"l_dash,ur_dash",2,,FALSE,TRUE,,,FALSE,FALSE,https://www.youtube.com/watch?v=2cYm2x8TFr4,Generated from apworld logic for vanilla movement clips;,0xDEAFC0DE,
2A,start,east,start,top,"r_dash,ul_dash",2,,FALSE,TRUE,,,FALSE,FALSE,https://www.youtube.com/watch?v=cMiMSKag_J8,Generated from apworld logic for vanilla movement clips;,0xDEAFC0DE,
2A,s0,bottom,s0,top,,2,,FALSE,FALSE,,,FALSE,FALSE,https://www.youtube.com/watch?v=gtCcURUy-jw,Generated from apworld logic for vanilla movement clips;,0xDEAFC0DE,
2A,s0,top,s0,bottom,,2,,FALSE,FALSE,,,FALSE,FALSE,https://www.youtube.com/watch?v=OW7JFdGzDrI,Generated from apworld logic for vanilla movement clips;,0xDEAFC0DE,
2A,s1,bottom,s1,top,u_dash,2,,FALSE,TRUE,,,FALSE,FALSE,https://www.youtube.com/watch?v=HLfOP_x1vhM,Generated from apworld logic for vanilla movement clips;,0xDEAFC0DE,
2A,s1,bottom,s1,top,ur_dash,2,,FALSE,TRUE,,,FALSE,FALSE,https://www.youtube.com/watch?v=VuiTFgIsAWY,Generated from apworld logic for vanilla movement clips;,0xDEAFC0DE,
2A,s1,top,s1,bottom,,2,,FALSE,FALSE,,,FALSE,FALSE,https://www.youtube.com/watch?v=hLWnIFTLP4o,Generated from apworld logic for vanilla movement clips;,0xDEAFC0DE,
2A,s2,bottom,s2,Crystal Heart,any_dash_dl_dr_l_r_u_ul_ur,2,,FALSE,FALSE,,,FALSE,TRUE,https://www.youtube.com/watch?v=OHagVBqLxDU,Generated from apworld logic for vanilla movement clips;,0xDEAFC0DE,
2A,0,south-west,0,south-east,,2,,FALSE,FALSE,,,FALSE,FALSE,https://www.youtube.com/watch?v=NyUPM9FkA0I,Generated from apworld logic for vanilla movement clips;,0xDEAFC0DE,
2A,0,south-east,0,north-east,"dream_blocks,ul_dash,ur_dash",2,,FALSE,FALSE,,,FALSE,FALSE,https://www.youtube.com/watch?v=bG3LZjm6VNE,Generated from apworld logic for vanilla movement clips;,0xDEAFC0DE,
2A,0,south-east,0,north-east,"dream_blocks,l_dash,ur_dash",2,,FALSE,FALSE,,,FALSE,FALSE,https://www.youtube.com/watch?v=iBX6jFJZROw,Generated from apworld logic for vanilla movement clips;,0xDEAFC0DE,
2A,0,south-east,0,north-east,"dream_blocks,u_dash",2,,FALSE,FALSE,,,FALSE,FALSE,https://www.youtube.com/watch?v=N1357fMh5Ok,Generated from apworld logic for vanilla movement clips;,0xDEAFC0DE,
2A,0,south-east,0,south-west,,2,,FALSE,FALSE,,,FALSE,FALSE,https://www.youtube.com/watch?v=8vTvl8qkYfg,Generated from apworld logic for vanilla movement clips;,0xDEAFC0DE,
2A,0,south-east,0,north-west,"dream_blocks,ul_dash",2,,FALSE,FALSE,,,FALSE,FALSE,https://www.youtube.com/watch?v=P2Kqy3NC0zo,Generated from apworld logic for vanilla movement clips;,0xDEAFC0DE,
2A,0,south-east,0,north-west,"dream_blocks,l_dash,r_dash",2,,FALSE,FALSE,,,FALSE,FALSE,https://www.youtube.com/watch?v=Ux-auhFpnA0,Generated from apworld logic for vanilla movement clips;,0xDEAFC0DE,
2A,0,south-east,0,north-west,ur_dash,2,,FALSE,FALSE,,,FALSE,FALSE,https://www.youtube.com/watch?v=1MOTq1nKHtQ,Generated from apworld logic for vanilla movement clips;,0xDEAFC0DE,
2A,0,south-east,0,north-west,u_dash,2,,FALSE,FALSE,,,FALSE,FALSE,https://www.youtube.com/watch?v=vp0Q2rz5LBc,Generated from apworld logic for vanilla movement clips;,0xDEAFC0DE,
2A,0,north-west,0,south-west,,2,,FALSE,FALSE,,,FALSE,FALSE,https://www.youtube.com/watch?v=x6SfqojyLfM,Generated from apworld logic for vanilla movement clips;,0xDEAFC0DE,
2A,0,north-west,0,north-east,"dream_blocks,ur_dash",2,,FALSE,FALSE,,,FALSE,FALSE,https://www.youtube.com/watch?v=VB1F52iZCII,Generated from apworld logic for vanilla movement clips;,0xDEAFC0DE,
2A,0,north-east,0,south-east,"dl_dash,dream_blocks",2,,FALSE,FALSE,,,FALSE,FALSE,https://www.youtube.com/watch?v=8CWv9vcsj80,Generated from apworld logic for vanilla movement clips;,0xDEAFC0DE,
2A,0,north-east,0,south-east,"d_dash,dream_blocks",2,,FALSE,FALSE,,,FALSE,FALSE,https://www.youtube.com/watch?v=PNe3UuoA0p8,Generated from apworld logic for vanilla movement clips;,0xDEAFC0DE,
2A,0,north-east,0,north-west,"dl_dash,dream_blocks",2,,FALSE,FALSE,,,FALSE,FALSE,https://www.youtube.com/watch?v=lOSUYN3ZBkk,Generated from apworld logic for vanilla movement clips;,0xDEAFC0DE,
2A,1,south-west,1,south,,2,,FALSE,FALSE,,,FALSE,FALSE,https://www.youtube.com/watch?v=FZNaPtaqU1w,Generated from apworld logic for vanilla movement clips;,0xDEAFC0DE,
2A,1,south,1,south-west,,2,,FALSE,FALSE,,,FALSE,FALSE,https://www.youtube.com/watch?v=0U5bbsiwOJM,Generated from apworld logic for vanilla movement clips;,0xDEAFC0DE,
2A,1,south,1,south-east,,2,,FALSE,FALSE,,,FALSE,FALSE,https://www.youtube.com/watch?v=OPAPWIpc9x4,Generated from apworld logic for vanilla movement clips;,0xDEAFC0DE,
2A,1,south-east,1,south,,2,,FALSE,FALSE,,,FALSE,FALSE,https://www.youtube.com/watch?v=7KNn3bBzVHk,Generated from apworld logic for vanilla movement clips;,0xDEAFC0DE,
2A,1,north-west,1,Strawberry,"any_dash_dl_l_ul,any_dash_dr_r_ur,dream_blocks",2,,FALSE,FALSE,,,FALSE,TRUE,https://www.youtube.com/watch?v=ZT0ViR4drrg,Generated from apworld logic for vanilla movement clips;,0xDEAFC0DE,
2A,d0,north,d0,north-west,,2,,FALSE,FALSE,,,FALSE,FALSE,https://www.youtube.com/watch?v=miyvm6H71Hs,Generated from apworld logic for vanilla movement clips;,0xDEAFC0DE,
2A,d0,north,d0,north-east,"dr_dash,dream_blocks",2,,FALSE,FALSE,,,FALSE,FALSE,https://www.youtube.com/watch?v=M1mUI6GKnMA,Generated from apworld logic for vanilla movement clips;,0xDEAFC0DE,
2A,d0,north,d0,north-east,"r_dash,dream_blocks",2,,FALSE,FALSE,,,FALSE,FALSE,https://www.youtube.com/watch?v=OpwlRnN3P7w,Generated from apworld logic for vanilla movement clips;,0xDEAFC0DE,
2A,d0,north,d0,west,,2,,FALSE,FALSE,,,FALSE,FALSE,https://www.youtube.com/watch?v=kPKPwgM8g9c,Generated from apworld logic for vanilla movement clips;,0xDEAFC0DE,
2A,d0,north,d0,strawberry,"any_dash_d_dr,dream_blocks",2,,FALSE,FALSE,,,FALSE,TRUE,https://www.youtube.com/watch?v=LyXOD60HT7M,Generated from apworld logic for vanilla movement clips;,0xDEAFC0DE,
2A,d0,strawberry,d0,Strawberry,"ur_dash,dream_blocks",2,,FALSE,FALSE,,,FALSE,FALSE,https://www.youtube.com/watch?v=jRMV7VqHX0c,Generated from apworld logic for vanilla movement clips;,0xDEAFC0DE,
2A,d0,strawberry,d0,Strawberry,"ul_dash,dream_blocks",2,,FALSE,FALSE,,,FALSE,FALSE,https://www.youtube.com/watch?v=ctnXsSBkL-c,Generated from apworld logic for vanilla movement clips;,0xDEAFC0DE,
2A,d0,strawberry,d0,Strawberry,"u_dash,dream_blocks",2,,FALSE,FALSE,,,FALSE,FALSE,https://www.youtube.com/watch?v=m9kE6C9Bryc,Generated from apworld logic for vanilla movement clips;,0xDEAFC0DE,
2A,d0,strawberry,d0,north-west,"dream_blocks,ul_dash",2,,FALSE,FALSE,,,FALSE,FALSE,https://www.youtube.com/watch?v=FEEdZETlUPg,Generated from apworld logic for vanilla movement clips;,0xDEAFC0DE,
2A,d0,strawberry,d0,north-east,"dream_blocks,ur_dash",2,,FALSE,FALSE,,,FALSE,FALSE,https://www.youtube.com/watch?v=IcwJOxh6tw4,Generated from apworld logic for vanilla movement clips;,0xDEAFC0DE,
2A,d0,strawberry,d0,north,"dream_blocks,u_dash",2,,FALSE,FALSE,,,FALSE,FALSE,https://www.youtube.com/watch?v=e3BPktCE9RU,Generated from apworld logic for vanilla movement clips;,0xDEAFC0DE,
2A,d0,north-west,d0,north,ur_dash,2,,FALSE,FALSE,,,FALSE,FALSE,https://www.youtube.com/watch?v=AwJh25LRYhc,Generated from apworld logic for vanilla movement clips;,0xDEAFC0DE,
2A,d0,north-west,d0,north,u_dash,2,,FALSE,FALSE,,,FALSE,FALSE,https://www.youtube.com/watch?v=5capoaRGowg,Generated from apworld logic for vanilla movement clips;,0xDEAFC0DE,
2A,d0,north-west,d0,north,r_dash,2,,FALSE,FALSE,,,FALSE,FALSE,https://www.youtube.com/watch?v=Uh5zw9-vNUE,Generated from apworld logic for vanilla movement clips;,0xDEAFC0DE,
2A,d0,north-west,d0,north,r_climb,2,,FALSE,FALSE,,,FALSE,FALSE,https://www.youtube.com/watch?v=KxDctMCAIdg,Generated from apworld logic for vanilla movement clips;,0xDEAFC0DE,
2A,d0,north-west,d0,north-east,"r_dash,dream_blocks",2,,FALSE,FALSE,,,FALSE,FALSE,https://www.youtube.com/watch?v=uM2PBV8whuQ,Generated from apworld logic for vanilla movement clips;,0xDEAFC0DE,
2A,d0,north-west,d0,north-east,"dr_dash,dream_blocks",2,,FALSE,FALSE,,,FALSE,FALSE,https://www.youtube.com/watch?v=XLEfU3qa0bQ,Generated from apworld logic for vanilla movement clips;,0xDEAFC0DE,
2A,d0,north-west,d0,west,,2,,FALSE,FALSE,,,FALSE,FALSE,https://www.youtube.com/watch?v=2tuNXEZa1e8,Generated from apworld logic for vanilla movement clips;,0xDEAFC0DE,
2A,d0,north-west,d0,strawberry,"dr_dash,dream_blocks",2,,FALSE,FALSE,,,FALSE,FALSE,https://www.youtube.com/watch?v=EpO7lQL8Ogs,Generated from apworld logic for vanilla movement clips;,0xDEAFC0DE,
2A,d0,west,d0,north-west,,2,,FALSE,FALSE,,,FALSE,FALSE,https://www.youtube.com/watch?v=zCP90WIbPSQ,Generated from apworld logic for vanilla movement clips;,0xDEAFC0DE,
2A,d0,west,d0,south-west,,2,,FALSE,FALSE,,,FALSE,FALSE,https://www.youtube.com/watch?v=hUS0N6Wqgm0,Generated from apworld logic for vanilla movement clips;,0xDEAFC0DE,
2A,d0,west,d0,east,,2,,FALSE,FALSE,,,FALSE,FALSE,https://www.youtube.com/watch?v=i6BpDp9c7jM,Generated from apworld logic for vanilla movement clips;,0xDEAFC0DE,
2A,d0,south-west,d0,south,"d_dash,dream_blocks",2,,FALSE,FALSE,,,FALSE,FALSE,https://www.youtube.com/watch?v=UhxVdmdCrNk,Generated from apworld logic for vanilla movement clips;,0xDEAFC0DE,
2A,d0,south-west,d0,south-east,,2,,FALSE,FALSE,,,FALSE,FALSE,https://www.youtube.com/watch?v=EQiZ6B8ZuIM,Generated from apworld logic for vanilla movement clips;,0xDEAFC0DE,
2A,d0,south,d0,south-west,"dream_blocks,u_dash",2,,FALSE,FALSE,,,FALSE,FALSE,https://www.youtube.com/watch?v=pqHHr4jzJ74,Generated from apworld logic for vanilla movement clips;,0xDEAFC0DE,
2A,d0,south-east,d0,south-west,,2,,FALSE,FALSE,,,FALSE,FALSE,https://www.youtube.com/watch?v=kBdi49pPqnw,Generated from apworld logic for vanilla movement clips;,0xDEAFC0DE,
2A,d0,south-east,d0,east,any_dash_u_ur,2,,FALSE,FALSE,,,FALSE,TRUE,https://www.youtube.com/watch?v=KLIvnEqXFTM,Generated from apworld logic for vanilla movement clips;,0xDEAFC0DE,
2A,d0,south-east,d0,south-east-door,any_dash_dr_r_ur,2,,FALSE,FALSE,,,FALSE,TRUE,https://www.youtube.com/watch?v=-XiCIih-b8Q,Generated from apworld logic for vanilla movement clips;,0xDEAFC0DE,
2A,d0,south-east-door,d0,south-east,,2,,FALSE,FALSE,,,FALSE,FALSE,https://www.youtube.com/watch?v=KT6FvinpLzE,Generated from apworld logic for vanilla movement clips;,0xDEAFC0DE,
2A,d0,east,d0,west,"dream_blocks,l_dash",2,,FALSE,FALSE,,,FALSE,FALSE,https://www.youtube.com/watch?v=6RmKIf8oEAc,Generated from apworld logic for vanilla movement clips;,0xDEAFC0DE,
2A,d0,east,d0,south-east,,2,,FALSE,FALSE,,,FALSE,FALSE,https://www.youtube.com/watch?v=An8tYZk3Rzs,Generated from apworld logic for vanilla movement clips;,0xDEAFC0DE,
2A,d0,north-east,d0,north,"dream_blocks,ul_dash",2,,FALSE,FALSE,,,FALSE,FALSE,https://www.youtube.com/watch?v=Qet37kYF9uY,Generated from apworld logic for vanilla movement clips;,0xDEAFC0DE,
2A,d0,north-east,d0,north-west,"ul_dash,dream_blocks",2,,FALSE,FALSE,,,FALSE,FALSE,https://www.youtube.com/watch?v=kFRSSO-q7zs,Generated from apworld logic for vanilla movement clips;,0xDEAFC0DE,
2A,d0,north-east,d0,north-west,"l_dash,dream_blocks",2,,FALSE,FALSE,,,FALSE,FALSE,https://www.youtube.com/watch?v=dxKDL8j75Rk,Generated from apworld logic for vanilla movement clips;,0xDEAFC0DE,
2A,d0,north-east,d0,strawberry,"dl_dash,dream_blocks",2,,FALSE,FALSE,,,FALSE,FALSE,https://www.youtube.com/watch?v=-jzJDyl69rI,Generated from apworld logic for vanilla movement clips;,0xDEAFC0DE,
2A,d7,west,d7,east,"u_dash,crouch,dr_dash,r_climb",2,,FALSE,FALSE,,,FALSE,FALSE,https://www.youtube.com/watch?v=e94TrsyE9Mk,Generated from apworld logic for vanilla movement clips;,0xDEAFC0DE,
2A,d7,west,d7,east,"r_dash,crouch,dr_dash,r_climb",2,,FALSE,FALSE,,,FALSE,FALSE,https://www.youtube.com/watch?v=BWtOWvOeEDo,Generated from apworld logic for vanilla movement clips; Hyper needs to happen in coyote time and right dash needs be at the peak of the jump,0xDEAFC0DE,
2A,d7,west,d7,east,"crouch,dr_dash,ur_dash",2,,FALSE,FALSE,,,FALSE,FALSE,https://www.youtube.com/watch?v=-Hcy6O3LKEE,"Generated from apworld logic for vanilla movement clips; Start the extended hyper on the last pixel, jump late, and dash UR late as shown",0xDEAFC0DE,
2A,d7,west,d7,east,"dash_refills,u_dash",2,,FALSE,FALSE,,,FALSE,FALSE,https://www.youtube.com/watch?v=PXItjiYYcTE,Generated from apworld logic for vanilla movement clips;,0xDEAFC0DE,
2A,d7,west,d7,east,"any_dash_r_ur,dash_refills,ul_dash",2,,FALSE,FALSE,,,FALSE,TRUE,https://www.youtube.com/watch?v=u4B-EUelhdw,Generated from apworld logic for vanilla movement clips;,0xDEAFC0DE,
2A,d7,east,d7,west,"dash_refills,ul_dash",2,,FALSE,FALSE,,,FALSE,FALSE,https://www.youtube.com/watch?v=S1f0ecfm77s,Generated from apworld logic for vanilla movement clips;,0xDEAFC0DE,
2A,d7,east,d7,west,"crouch,dash_refills,dl_dash,u_dash",2,,FALSE,FALSE,,,FALSE,FALSE,https://www.youtube.com/watch?v=6cD6QZlOn38,Generated from apworld logic for vanilla movement clips;,0xDEAFC0DE,
2A,d8,west,d8,south-east,"ur_dash,dash_refills",2,,FALSE,FALSE,,,FALSE,FALSE,https://www.youtube.com/watch?v=j-z8gco_k4U,Generated from apworld logic for vanilla movement clips;,0xDEAFC0DE,
2A,d8,west,d8,south-east,"u_dash,dash_refills",2,,FALSE,FALSE,,,FALSE,FALSE,https://www.youtube.com/watch?v=2bVeYbKXZrs,Generated from apworld logic for vanilla movement clips;,0xDEAFC0DE,
2A,d8,west,d8,south-east,"r_dash,dash_refills",2,,FALSE,FALSE,,,FALSE,FALSE,https://www.youtube.com/watch?v=BqAsmvGXkQk,Generated from apworld logic for vanilla movement clips;,0xDEAFC0DE,
2A,d8,west,d8,south-east,r_climb,2,,FALSE,FALSE,,,FALSE,FALSE,https://www.youtube.com/watch?v=ahK1f7y13mw,Generated from apworld logic for vanilla movement clips;,0xDEAFC0DE,
2A,d8,west,d8,south-east,"crouch,dr_dash,u_dash",2,,FALSE,FALSE,,,FALSE,FALSE,https://www.youtube.com/watch?v=CpJukJxpxB0,Generated from apworld logic for vanilla movement clips;,0xDEAFC0DE,
2A,d8,south-east,d8,west,u_dash,2,,FALSE,FALSE,,,FALSE,FALSE,https://www.youtube.com/watch?v=eg9Gs9ZNhyE,Generated from apworld logic for vanilla movement clips;,0xDEAFC0DE,
2A,d8,south-east,d8,west,l_dash,2,,FALSE,FALSE,,,FALSE,FALSE,https://www.youtube.com/watch?v=GBSoloIOlcs,Generated from apworld logic for vanilla movement clips;,0xDEAFC0DE,
2A,d8,south-east,d8,west,ul_dash,2,,FALSE,FALSE,,,FALSE,FALSE,https://www.youtube.com/watch?v=tWLd5uQF12w,Generated from apworld logic for vanilla movement clips;,0xDEAFC0DE,
2A,d8,south-east,d8,north-east,,2,,FALSE,FALSE,,,FALSE,FALSE,https://www.youtube.com/watch?v=txK12zVS754,Generated from apworld logic for vanilla movement clips;,0xDEAFC0DE,
2A,d3,west,d3,north,"ur_dash,dream_blocks",2,,FALSE,FALSE,,,FALSE,FALSE,https://www.youtube.com/watch?v=MnxRllldfSI,Generated from apworld logic for vanilla movement clips;,0xDEAFC0DE,
2A,d3,west,d3,north,"ul_dash,dream_blocks",2,,FALSE,FALSE,,,FALSE,FALSE,https://www.youtube.com/watch?v=HE5X3-TR9oY,Generated from apworld logic for vanilla movement clips;,0xDEAFC0DE,
2A,d3,west,d3,north,"u_dash,dream_blocks",2,,FALSE,FALSE,,,FALSE,FALSE,https://www.youtube.com/watch?v=DnF_wFYW85c,Generated from apworld logic for vanilla movement clips;,0xDEAFC0DE,
2A,d3,north,d3,Binoculars,,2,,FALSE,FALSE,,,FALSE,FALSE,https://www.youtube.com/watch?v=NXNJppLskY4,Generated from apworld logic for vanilla movement clips;,0xDEAFC0DE,
2A,d3,north,d3,west,"dr_dash,dream_blocks",2,,FALSE,FALSE,,,FALSE,FALSE,https://www.youtube.com/watch?v=XyMyqryPuVE,Generated from apworld logic for vanilla movement clips;,0xDEAFC0DE,
2A,d3,north,d3,west,"dl_dash,dream_blocks",2,,FALSE,FALSE,,,FALSE,FALSE,https://www.youtube.com/watch?v=ma-cBXquO-0,Generated from apworld logic for vanilla movement clips;,0xDEAFC0DE,
2A,d3,north,d3,west,"d_dash,dream_blocks",2,,FALSE,FALSE,,,FALSE,FALSE,https://www.youtube.com/watch?v=JfTQjMErli0,Generated from apworld logic for vanilla movement clips;,0xDEAFC0DE,
2A,d3,south,d3,Strawberry,,2,,FALSE,FALSE,,,FALSE,FALSE,https://www.youtube.com/watch?v=89gIxZY74NY,Generated from apworld logic for vanilla movement clips;,0xDEAFC0DE,
2A,d2,west,d2,east,,2,,FALSE,FALSE,,,FALSE,FALSE,https://www.youtube.com/watch?v=KEy9qaGlvJI,Generated from apworld logic for vanilla movement clips;,0xDEAFC0DE,
2A,d2,north-west,d2,Strawberry 1,,2,,FALSE,FALSE,,,FALSE,FALSE,https://www.youtube.com/watch?v=B4AtodGzYlo,Generated from apworld logic for vanilla movement clips;,0xDEAFC0DE,
2A,d2,north-west,d2,west,,2,,FALSE,FALSE,,,FALSE,FALSE,https://www.youtube.com/watch?v=F1Je2N_FztM,Generated from apworld logic for vanilla movement clips;,0xDEAFC0DE,
2A,d2,east,d2,Strawberry 2,"ur_dash,dream_blocks",2,,FALSE,FALSE,,,FALSE,FALSE,https://www.youtube.com/watch?v=-UMozq_3FFE,Generated from apworld logic for vanilla movement clips;,0xDEAFC0DE,
2A,d2,east,d2,Strawberry 2,"ul_dash,dream_blocks",2,,FALSE,FALSE,,,FALSE,FALSE,https://www.youtube.com/watch?v=AtgfdwVprEc,Generated from apworld logic for vanilla movement clips;,0xDEAFC0DE,
2A,d2,east,d2,Strawberry 2,"u_dash,dream_blocks",2,,FALSE,FALSE,,,FALSE,FALSE,https://www.youtube.com/watch?v=qi11W8BXNQU,Generated from apworld logic for vanilla movement clips;,0xDEAFC0DE,
2A,d2,east,d2,west,,2,,FALSE,FALSE,,,FALSE,FALSE,https://www.youtube.com/watch?v=49Bn4QMZaz0,Generated from apworld logic for vanilla movement clips;,0xDEAFC0DE,
2A,d9,north-west,d9,Cassette,"ul_dash,dream_blocks,pink_cassette_blocks,r_dash",2,,FALSE,FALSE,,,FALSE,FALSE,https://www.youtube.com/watch?v=xNsk67SE1EI,Generated from apworld logic for vanilla movement clips;,0xDEAFC0DE,
2A,d9,north-west,d9,Cassette,"l_dash,dream_blocks,pink_cassette_blocks,r_dash",2,,FALSE,FALSE,,,FALSE,FALSE,https://www.youtube.com/watch?v=9K3QwlVfuCw,Generated from apworld logic for vanilla movement clips;,0xDEAFC0DE,
2A,d9,north-west,d9,Cassette,"blue_cassette_blocks,dream_blocks,l_dash,r_dash",2,,FALSE,FALSE,,,FALSE,FALSE,https://www.youtube.com/watch?v=85qqDAunc3E,Generated from apworld logic for vanilla movement clips;,0xDEAFC0DE,
2A,d9,north-west,d9,Cassette,"blue_cassette_blocks,crouch,dl_dash,dream_blocks,r_dash,ul_dash",2,,FALSE,FALSE,,,FALSE,FALSE,https://www.youtube.com/watch?v=Tcrp34KoHo4,Generated from apworld logic for vanilla movement clips;,0xDEAFC0DE,
2A,d9,north-west,d9,Cassette,"blue_cassette_blocks,dream_blocks,r_dash,ul_dash",2,,FALSE,FALSE,,,FALSE,FALSE,https://www.youtube.com/watch?v=Q3Azeen2PZ8,Generated from apworld logic for vanilla movement clips; Last jump needs to be on the last frame of coyote time,0xDEAFC0DE,
2A,d1,south-west,d1,south-east,,2,,FALSE,FALSE,,,FALSE,FALSE,https://www.youtube.com/watch?v=kJ6vtM8s4JI,Generated from apworld logic for vanilla movement clips;,0xDEAFC0DE,
2A,d1,south-east,d1,Strawberry,"ur_dash,dream_blocks,strawberry_seeds",2,,FALSE,FALSE,,,FALSE,FALSE,https://www.youtube.com/watch?v=35ie-lrr42c,Generated from apworld logic for vanilla movement clips;,0xDEAFC0DE,
2A,d1,south-east,d1,Strawberry,"ul_dash,dream_blocks,strawberry_seeds",2,,FALSE,FALSE,,,FALSE,FALSE,https://www.youtube.com/watch?v=YWcQuLQkiy4,Generated from apworld logic for vanilla movement clips;,0xDEAFC0DE,
2A,d1,south-east,d1,Strawberry,"u_dash,dream_blocks,strawberry_seeds",2,,FALSE,FALSE,,,FALSE,FALSE,https://www.youtube.com/watch?v=Fd1dx0D1jbA,Generated from apworld logic for vanilla movement clips;,0xDEAFC0DE,
2A,d1,south-east,d1,Strawberry,"r_dash,dream_blocks,strawberry_seeds",2,,FALSE,FALSE,,,FALSE,FALSE,https://www.youtube.com/watch?v=3c5v_VIWmL4,Generated from apworld logic for vanilla movement clips;,0xDEAFC0DE,
2A,d1,south-east,d1,Strawberry,"dr_dash,dream_blocks,strawberry_seeds",2,,FALSE,FALSE,,,FALSE,FALSE,https://www.youtube.com/watch?v=IKtAx7SNDLI,Generated from apworld logic for vanilla movement clips;,0xDEAFC0DE,
2A,d1,south-east,d1,Strawberry,"dl_dash,dream_blocks,strawberry_seeds",2,,FALSE,FALSE,,,FALSE,FALSE,https://www.youtube.com/watch?v=pktkNB9PLHk,Generated from apworld logic for vanilla movement clips;,0xDEAFC0DE,
2A,d1,south-east,d1,Strawberry,"d_dash,dream_blocks,strawberry_seeds",2,,FALSE,FALSE,,,FALSE,FALSE,https://www.youtube.com/watch?v=YuZqvUJaMHU,Generated from apworld logic for vanilla movement clips;,0xDEAFC0DE,
2A,d1,south-east,d1,Strawberry,"l_dash,dream_blocks,strawberry_seeds,r_climb",2,,FALSE,FALSE,,,FALSE,FALSE,https://www.youtube.com/watch?v=0DsWd-rF4bY,Generated from apworld logic for vanilla movement clips;,0xDEAFC0DE,
2A,d1,south-east,d1,south-west,any_dash_d_dl_dr,2,,FALSE,FALSE,,,FALSE,TRUE,https://www.youtube.com/watch?v=RmsPK5PaYMk,Generated from apworld logic for vanilla movement clips;,0xDEAFC0DE,
2A,d1,south-east,d1,north-east,,2,,FALSE,FALSE,,,FALSE,FALSE,https://www.youtube.com/watch?v=je4X14JaQ6s,Generated from apworld logic for vanilla movement clips;,0xDEAFC0DE,
2A,d1,north-east,d1,south-east,,2,,FALSE,FALSE,,,FALSE,FALSE,https://www.youtube.com/watch?v=BLUCb7l6EUU,Generated from apworld logic for vanilla movement clips;,0xDEAFC0DE,
2A,d6,west,d6,center,,2,,FALSE,FALSE,,,FALSE,FALSE,https://www.youtube.com/watch?v=_VIlT3qNQY4,Generated from apworld logic for vanilla movement clips;,0xDEAFC0DE,
2A,d6,center,d6,Strawberry,,2,,FALSE,FALSE,,,FALSE,FALSE,https://www.youtube.com/watch?v=QYgTx66KIQU,Generated from apworld logic for vanilla movement clips;,0xDEAFC0DE,
2A,d6,center,d6,west,,2,,FALSE,FALSE,,,FALSE,FALSE,https://www.youtube.com/watch?v=qmznyPvd9Y0,Generated from apworld logic for vanilla movement clips;,0xDEAFC0DE,
2A,d6,center,d6,east,,2,,FALSE,FALSE,,,FALSE,FALSE,https://www.youtube.com/watch?v=D08nsFvkurQ,Generated from apworld logic for vanilla movement clips;,0xDEAFC0DE,
2A,d6,east,d6,center,"ul_dash,crouch,dl_dash",2,,FALSE,FALSE,,,FALSE,FALSE,https://www.youtube.com/watch?v=AGBLm4g2mts,Generated from apworld logic for vanilla movement clips; Need to go right to get more space for the extended hyper,0xDEAFC0DE,
2A,d6,east,d6,center,"l_dash,crouch,dl_dash",2,,FALSE,FALSE,,,FALSE,FALSE,https://www.youtube.com/watch?v=1QtNav-5cFU,Generated from apworld logic for vanilla movement clips; Needs a late jump and jump needs to be held (can be easier by holding another jump button the whole time),0xDEAFC0DE,
2A,d6,east,d6,center,u_dash,2,,FALSE,FALSE,,,FALSE,FALSE,https://www.youtube.com/watch?v=8SgFGR7F7z8,Generated from apworld logic for vanilla movement clips;,0xDEAFC0DE,
2A,d4,west,d4,Strawberry,"ur_dash,crouch,dr_dash",2,,FALSE,FALSE,,,FALSE,FALSE,https://www.youtube.com/watch?v=NLSJPayd5WA,Generated from apworld logic for vanilla movement clips;,0xDEAFC0DE,
2A,d4,west,d4,Strawberry,"u_dash,crouch,dr_dash",2,,FALSE,FALSE,,,FALSE,FALSE,https://www.youtube.com/watch?v=DEgH_4d3ukA,Generated from apworld logic for vanilla movement clips;,0xDEAFC0DE,
2A,d4,west,d4,Strawberry,"r_dash,crouch,dr_dash",2,,FALSE,FALSE,,,FALSE,FALSE,https://www.youtube.com/watch?v=ATlYfot-aLI,Generated from apworld logic for vanilla movement clips;,0xDEAFC0DE,
2A,d4,west,d4,Strawberry,"ur_dash,r_climb",2,,FALSE,FALSE,,,FALSE,FALSE,https://www.youtube.com/watch?v=0rt_bWKwJys,Generated from apworld logic for vanilla movement clips;,0xDEAFC0DE,
2A,d4,west,d4,Strawberry,"u_dash,r_climb",2,,FALSE,FALSE,,,FALSE,FALSE,https://www.youtube.com/watch?v=tjGIByojyEA,Generated from apworld logic for vanilla movement clips;,0xDEAFC0DE,
2A,d4,west,d4,Strawberry,"r_dash,r_climb",2,,FALSE,FALSE,,,FALSE,FALSE,https://www.youtube.com/watch?v=uJ2ZxOpnT0I,Generated from apworld logic for vanilla movement clips;,0xDEAFC0DE,
2A,d4,west,d4,Strawberry,"l_climb,traffic_blocks",2,,FALSE,FALSE,,,FALSE,FALSE,https://www.youtube.com/watch?v=Z8EuXyaeUxg,Generated from apworld logic for vanilla movement clips;,0xDEAFC0DE,
2A,d4,west,d4,Strawberry,"ur_dash,dream_blocks",2,,FALSE,FALSE,,,FALSE,FALSE,https://www.youtube.com/watch?v=SdFlQ8jsLIk,Generated from apworld logic for vanilla movement clips;,0xDEAFC0DE,
2A,d4,west,d4,Strawberry,"r_dash,dream_blocks",2,,FALSE,FALSE,,,FALSE,FALSE,https://www.youtube.com/watch?v=ozZ_oxwh22o,Generated from apworld logic for vanilla movement clips;,0xDEAFC0DE,
2A,d4,west,d4,Strawberry,"dr_dash,dream_blocks",2,,FALSE,FALSE,,,FALSE,FALSE,https://www.youtube.com/watch?v=WlSO8od1byE,Generated from apworld logic for vanilla movement clips;,0xDEAFC0DE,
2A,d4,west,d4,east,,2,,FALSE,FALSE,,,FALSE,FALSE,https://www.youtube.com/watch?v=eEfqDBtwP64,Generated from apworld logic for vanilla movement clips;,0xDEAFC0DE,
2A,d4,west,d4,south,"d_dash,dream_blocks",2,,FALSE,FALSE,,,FALSE,FALSE,https://www.youtube.com/watch?v=TpYzgKtzBCs,Generated from apworld logic for vanilla movement clips;,0xDEAFC0DE,
2A,d4,west,d4,south,"dl_dash,dream_blocks",2,,FALSE,FALSE,,,FALSE,FALSE,https://www.youtube.com/watch?v=tqsvMyaDyHM,Generated from apworld logic for vanilla movement clips;,0xDEAFC0DE,
2A,d4,west,d4,south,"dr_dash,dream_blocks",2,,FALSE,FALSE,,,FALSE,FALSE,https://www.youtube.com/watch?v=ir15KII_hGQ,Generated from apworld logic for vanilla movement clips;,0xDEAFC0DE,
2A,d4,east,d4,west,,2,,FALSE,FALSE,,,FALSE,FALSE,https://www.youtube.com/watch?v=p3MaBR56Ad4,Generated from apworld logic for vanilla movement clips;,0xDEAFC0DE,
2A,d5,west,d5,Strawberry,"ul_dash,ur_dash,dream_blocks",2,,FALSE,FALSE,,,FALSE,FALSE,https://www.youtube.com/watch?v=7IL-0WakhFY,Generated from apworld logic for vanilla movement clips;,0xDEAFC0DE,
2A,d5,west,d5,Strawberry,"l_dash,ur_dash,dream_blocks",2,,FALSE,FALSE,,,FALSE,FALSE,https://www.youtube.com/watch?v=jBhDVgMs_Hg,Generated from apworld logic for vanilla movement clips;,0xDEAFC0DE,
2A,d5,west,d5,Strawberry,"dl_dash,ur_dash,dream_blocks",2,,FALSE,FALSE,,,FALSE,FALSE,https://www.youtube.com/watch?v=CgDXjI46Cxw,Generated from apworld logic for vanilla movement clips;,0xDEAFC0DE,
2A,d5,west,d5,Strawberry,"ul_dash,r_dash,dream_blocks",2,,FALSE,FALSE,,,FALSE,FALSE,https://www.youtube.com/watch?v=LLMM0UB0s5g,Generated from apworld logic for vanilla movement clips;,0xDEAFC0DE,
2A,d5,west,d5,Strawberry,"l_dash,r_dash,dream_blocks",2,,FALSE,FALSE,,,FALSE,FALSE,https://www.youtube.com/watch?v=WdkFy-Jo3D8,Generated from apworld logic for vanilla movement clips;,0xDEAFC0DE,
2A,d5,west,d5,Strawberry,"dl_dash,r_dash,dream_blocks",2,,FALSE,FALSE,,,FALSE,FALSE,https://www.youtube.com/watch?v=Erk4ItKELE0,Generated from apworld logic for vanilla movement clips;,0xDEAFC0DE,
2A,d5,west,d5,Strawberry,"dr_dash,dream_blocks,ul_dash",2,,FALSE,FALSE,,,FALSE,FALSE,https://www.youtube.com/watch?v=J89Wz-KNlL8,Generated from apworld logic for vanilla movement clips;,0xDEAFC0DE,
2A,d5,west,d5,Strawberry,"dr_dash,dream_blocks,l_dash",2,,FALSE,FALSE,,,FALSE,FALSE,https://www.youtube.com/watch?v=sHwFreTZx4Y,Generated from apworld logic for vanilla movement clips;,0xDEAFC0DE,
2A,d5,west,d5,Strawberry,"dr_dash,dream_blocks,dl_dash",2,,FALSE,FALSE,,,FALSE,FALSE,https://www.youtube.com/watch?v=Ge41ScaLkX0,Generated from apworld logic for vanilla movement clips;,0xDEAFC0DE,
2A,3x,bottom,3x,top,"d_dash,dream_blocks,l_dash,ur_dash",2,,FALSE,FALSE,,,FALSE,FALSE,https://www.youtube.com/watch?v=EUKD2BwmXVg,Generated from apworld logic for vanilla movement clips;,0xDEAFC0DE,
2A,3x,bottom,3x,top,"dr_dash,dream_blocks,l_dash,ur_dash",2,,FALSE,FALSE,,,FALSE,FALSE,https://www.youtube.com/watch?v=MQMlLPFBNc8,Generated from apworld logic for vanilla movement clips;,0xDEAFC0DE,
2A,3x,top,3x,bottom,"u_dash,dl_dash,dream_blocks,r_dash",2,,FALSE,FALSE,,,FALSE,FALSE,https://www.youtube.com/watch?v=MQfky36zJM4,Generated from apworld logic for vanilla movement clips;,0xDEAFC0DE,
2A,3x,top,3x,bottom,"ul_dash,dl_dash,dream_blocks,r_dash",2,,FALSE,FALSE,,,FALSE,FALSE,https://www.youtube.com/watch?v=5LJaLKrv7lE,Generated from apworld logic for vanilla movement clips;,0xDEAFC0DE,
2A,3,bottom,3,top,"any_dash_dr_r_ur,dream_blocks",2,,FALSE,FALSE,,,FALSE,TRUE,https://www.youtube.com/watch?v=TZWMyX7jO-w,Generated from apworld logic for vanilla movement clips;,0xDEAFC0DE,
2A,3,top,3,bottom,"any_dash_dl_l_ul,dream_blocks",2,,FALSE,FALSE,,,FALSE,TRUE,https://www.youtube.com/watch?v=coxP1PrcK0Q,Generated from apworld logic for vanilla movement clips;,0xDEAFC0DE,
2A,4,south-east,4,south-west,"ul_dash,dream_blocks",2,,FALSE,FALSE,,,FALSE,FALSE,https://www.youtube.com/watch?v=cLhxhe8KxlU,Generated from apworld logic for vanilla movement clips;,0xDEAFC0DE,
2A,4,south-east,4,south-west,"l_dash,dream_blocks",2,,FALSE,FALSE,,,FALSE,FALSE,https://www.youtube.com/watch?v=QXtr0qRCMPY,Generated from apworld logic for vanilla movement clips;,0xDEAFC0DE,
2A,4,south-east,4,north-east,"dream_blocks,ul_dash,r_dash",2,,FALSE,FALSE,,,FALSE,FALSE,https://www.youtube.com/watch?v=sXA8DDwhcrU,Generated from apworld logic for vanilla movement clips;,0xDEAFC0DE,
2A,4,south-west,4,south-east,"r_dash,dream_blocks",2,,FALSE,FALSE,,,FALSE,FALSE,https://www.youtube.com/watch?v=V5MV3f-FJ_w,Generated from apworld logic for vanilla movement clips;,0xDEAFC0DE,
2A,4,south-west,4,south-east,"dr_dash,dream_blocks",2,,FALSE,FALSE,,,FALSE,FALSE,https://www.youtube.com/watch?v=7rrTb9_WOh0,Generated from apworld logic for vanilla movement clips;,0xDEAFC0DE,
2A,4,south-west,4,north-east,"dream_blocks,ur_dash",2,,FALSE,FALSE,,,FALSE,FALSE,https://www.youtube.com/watch?v=RjCFAyqlEU0,Generated from apworld logic for vanilla movement clips;,0xDEAFC0DE,
2A,4,south-west,4,north-east,"dream_blocks,r_climb,r_dash",2,,FALSE,FALSE,,,FALSE,FALSE,https://www.youtube.com/watch?v=iyu6eEqXKu0,Generated from apworld logic for vanilla movement clips;,0xDEAFC0DE,
2A,4,south-west,4,north-west,"l_dash,u_dash,dream_blocks",2,,FALSE,FALSE,,,FALSE,FALSE,https://www.youtube.com/watch?v=Mx4fCuMZCtY,Generated from apworld logic for vanilla movement clips;,0xDEAFC0DE,
2A,4,south-west,4,north-west,"dl_dash,u_dash,dream_blocks",2,,FALSE,FALSE,,,FALSE,FALSE,https://www.youtube.com/watch?v=bVnbu-qoNOI,Generated from apworld logic for vanilla movement clips;,0xDEAFC0DE,
2A,4,south-west,4,north-west,"l_dash,ur_dash,dream_blocks",2,,FALSE,FALSE,,,FALSE,FALSE,https://www.youtube.com/watch?v=wW-L5b1VYFk,Generated from apworld logic for vanilla movement clips;,0xDEAFC0DE,
2A,4,south-west,4,north-west,"dl_dash,ur_dash,dream_blocks",2,,FALSE,FALSE,,,FALSE,FALSE,https://www.youtube.com/watch?v=ow77_QYfh28,Generated from apworld logic for vanilla movement clips;,0xDEAFC0DE,
2A,4,south-west,4,north-west,"dream_blocks,ul_dash",2,,FALSE,FALSE,,,FALSE,FALSE,https://www.youtube.com/watch?v=4AoaqU1zhRI,Generated from apworld logic for vanilla movement clips;,0xDEAFC0DE,
2A,4,north-east,4,Strawberry,,2,,FALSE,FALSE,,,FALSE,FALSE,https://www.youtube.com/watch?v=23Qp693yKLE,Generated from apworld logic for vanilla movement clips;,0xDEAFC0DE,
2A,4,north-east,4,south-west,"any_dash_dl_l,dream_blocks",2,,FALSE,FALSE,,,FALSE,TRUE,https://www.youtube.com/watch?v=tpK-G3FCHYw,Generated from apworld logic for vanilla movement clips;,0xDEAFC0DE,
2A,4,north-west,4,south-west,"d_dash,dream_blocks,r_dash",2,,FALSE,FALSE,,,FALSE,FALSE,https://www.youtube.com/watch?v=zwE6YTmRgWk,Generated from apworld logic for vanilla movement clips;,0xDEAFC0DE,
2A,4,north-west,4,south-west,"dl_dash,dream_blocks,r_dash",2,,FALSE,FALSE,,,FALSE,FALSE,https://www.youtube.com/watch?v=4ToNbWYRaNs,Generated from apworld logic for vanilla movement clips;,0xDEAFC0DE,
2A,4,north-west,4,south-west,"dr_dash,dream_blocks",2,,FALSE,FALSE,,,FALSE,FALSE,https://www.youtube.com/watch?v=LI3EIHhYdYM,Generated from apworld logic for vanilla movement clips;,0xDEAFC0DE,
2A,4,north-west,4,south-west,"d_dash,dream_blocks,ur_dash",2,,FALSE,FALSE,,,FALSE,FALSE,https://www.youtube.com/watch?v=ZhYfGe4v4IM,Generated from apworld logic for vanilla movement clips;,0xDEAFC0DE,
2A,4,north-west,4,south-west,"dl_dash,dream_blocks,ur_dash",2,,FALSE,FALSE,,,FALSE,FALSE,https://www.youtube.com/watch?v=SL2H5AQyOv8,Generated from apworld logic for vanilla movement clips;,0xDEAFC0DE,
2A,5,bottom,5,center,"u_dash,dream_blocks",2,,FALSE,FALSE,,,FALSE,FALSE,https://www.youtube.com/watch?v=3dx5SMY7mWI,Generated from apworld logic for vanilla movement clips;,0xDEAFC0DE,
2A,5,bottom,5,center,"ur_dash,dream_blocks",2,,FALSE,FALSE,,,FALSE,FALSE,https://www.youtube.com/watch?v=m7gFpCJzaaE,Generated from apworld logic for vanilla movement clips;,0xDEAFC0DE,
2A,5,center,5,Strawberry,"dream_blocks,l_dash",2,,FALSE,FALSE,,,FALSE,FALSE,https://www.youtube.com/watch?v=kPSwaANrENE,Generated from apworld logic for vanilla movement clips;,0xDEAFC0DE,
2A,5,center,5,top,"any_dash_dr_r_ur,dream_blocks",2,,FALSE,FALSE,,,FALSE,TRUE,https://www.youtube.com/watch?v=e0BICH5nTXQ,Generated from apworld logic for vanilla movement clips;,0xDEAFC0DE,
2A,5,top,5,center,"any_dash_dl_l_ul,dream_blocks",2,,FALSE,FALSE,,,FALSE,TRUE,https://www.youtube.com/watch?v=Zp3_DxQ3-EQ,Generated from apworld logic for vanilla movement clips;,0xDEAFC0DE,
2A,6,bottom,6,top,"coins,dream_blocks,l_dash",2,,FALSE,FALSE,,,FALSE,FALSE,https://www.youtube.com/watch?v=GVZZ9x6Rc8c,Generated from apworld logic for vanilla movement clips;,0xDEAFC0DE,
2A,7,bottom,7,top,"coins,r_climb,u_dash",2,,FALSE,FALSE,,,FALSE,FALSE,https://www.youtube.com/watch?v=np2eEad-61Y,Generated from apworld logic for vanilla movement clips;,0xDEAFC0DE,
2A,7,bottom,7,top,"coins,dream_blocks,u_dash",2,,FALSE,FALSE,,,FALSE,FALSE,https://www.youtube.com/watch?v=ZZx-ZGSPMnc,Generated from apworld logic for vanilla movement clips;,0xDEAFC0DE,
2A,7,bottom,7,top,"coins,dream_blocks,ul_dash",2,,FALSE,FALSE,,,FALSE,FALSE,https://www.youtube.com/watch?v=0LZrwUmVfmM,Generated from apworld logic for vanilla movement clips;,0xDEAFC0DE,
2A,7,bottom,7,top,"coins,dr_dash,any_dash_l_ul_u,crouch",2,,FALSE,FALSE,,,FALSE,FALSE,https://www.youtube.com/watch?v=tSz2wK0Chns,Generated from apworld logic for vanilla movement clips;,0xDEAFC0DE,
2A,7,bottom,7,top,"coins,u_dash,dl_dash,l_climb,crouch",2,,FALSE,FALSE,,,FALSE,FALSE,https://www.youtube.com/watch?v=oWGTmOjMp50,Generated from apworld logic for vanilla movement clips;,0xDEAFC0DE,
2A,7,bottom,7,top,"coins,ul_dash,dl_dash,crouch",2,,FALSE,FALSE,,,FALSE,FALSE,https://www.youtube.com/watch?v=J6vWz7BW63o,Generated from apworld logic for vanilla movement clips;,0xDEAFC0DE,
2A,7,bottom,7,top,"coins,ul_dash,r_climb",2,,FALSE,FALSE,,,FALSE,FALSE,https://www.youtube.com/watch?v=LSQTOJY4Vw0,Generated from apworld logic for vanilla movement clips;,0xDEAFC0DE,
2A,7,bottom,7,top,"coins,ur_dash,any_dash_l_ul_u",2,,FALSE,FALSE,,,FALSE,FALSE,https://www.youtube.com/watch?v=PgpYqsRjYTg,Generated from apworld logic for vanilla movement clips;,0xDEAFC0DE,
2A,8,bottom,8,Strawberry,,2,,FALSE,FALSE,,,FALSE,FALSE,https://www.youtube.com/watch?v=0snBJw-riOA,Generated from apworld logic for vanilla movement clips;,0xDEAFC0DE,
2A,8,bottom,8,top,"any_dash_dr_r_ur,dream_blocks",2,,FALSE,FALSE,,,FALSE,TRUE,https://www.youtube.com/watch?v=P4seC3VDeBk,Generated from apworld logic for vanilla movement clips;,0xDEAFC0DE,
2A,9,west,9,north,"any_dash_dr_r_ur,dream_blocks",2,,FALSE,FALSE,,,FALSE,TRUE,https://www.youtube.com/watch?v=_O9Hlu5QzVM,Generated from apworld logic for vanilla movement clips;,0xDEAFC0DE,
2A,9,west,9,south,"r_dash,dream_blocks",2,,FALSE,FALSE,,,FALSE,FALSE,https://www.youtube.com/watch?v=mv5SSIK43RE,Generated from apworld logic for vanilla movement clips;,0xDEAFC0DE,
2A,9,west,9,south,"ur_dash,dream_blocks",2,,FALSE,FALSE,,,FALSE,FALSE,https://www.youtube.com/watch?v=i73AUO-XZPQ,Generated from apworld logic for vanilla movement clips;,0xDEAFC0DE,
2A,9,west,9,south,"dr_dash,dream_blocks",2,,FALSE,FALSE,,,FALSE,FALSE,https://www.youtube.com/watch?v=FveUjm82-ZI,Generated from apworld logic for vanilla movement clips;,0xDEAFC0DE,
2A,9,west,9,south,"ur_dash,r_climb",2,,FALSE,FALSE,,,FALSE,FALSE,https://www.youtube.com/watch?v=ZMRuPXE4x7g,Generated from apworld logic for vanilla movement clips;,0xDEAFC0DE,
2A,9,west,9,south,"r_dash,r_climb",2,,FALSE,FALSE,,,FALSE,FALSE,https://www.youtube.com/watch?v=yZlZfrX5YSQ,Generated from apworld logic for vanilla movement clips;,0xDEAFC0DE,
2A,9,west,9,south,"dr_dash,r_climb",2,,FALSE,FALSE,,,FALSE,FALSE,https://www.youtube.com/watch?v=SyZPyBZ7xfk,Generated from apworld logic for vanilla movement clips;,0xDEAFC0DE,
2A,9,north,9,north-door,ur_dash,2,,FALSE,FALSE,,,FALSE,FALSE,https://www.youtube.com/watch?v=jdHH1cfWuxs,Generated from apworld logic for vanilla movement clips;,0xDEAFC0DE,
2A,9,north,9,north-door,ul_dash,2,,FALSE,FALSE,,,FALSE,FALSE,https://www.youtube.com/watch?v=Ya-YGAJio-I,Generated from apworld logic for vanilla movement clips;,0xDEAFC0DE,
2A,9,north,9,north-door,u_dash,2,,FALSE,FALSE,,,FALSE,FALSE,https://www.youtube.com/watch?v=gYo6wYUQuWQ,Generated from apworld logic for vanilla movement clips;,0xDEAFC0DE,
2A,9,north,9,north-door,r_climb,2,,FALSE,FALSE,,,FALSE,FALSE,https://www.youtube.com/watch?v=SWEAV7ogvyE,Generated from apworld logic for vanilla movement clips;,0xDEAFC0DE,
2A,9,north,9,north-door,r_dash,2,,FALSE,FALSE,,,FALSE,FALSE,https://www.youtube.com/watch?v=zI4pHNTqU-U,Generated from apworld logic for vanilla movement clips;,0xDEAFC0DE,
2A,9,north,9,south,"any_dash_dr_r_ur,dream_blocks",2,,FALSE,FALSE,,,FALSE,TRUE,https://www.youtube.com/watch?v=tjlew-smUY8,Generated from apworld logic for vanilla movement clips;,0xDEAFC0DE,
2A,9,north,9,south,r_climb,2,,FALSE,FALSE,,,FALSE,FALSE,https://www.youtube.com/watch?v=ApZ6q72X1l4,Generated from apworld logic for vanilla movement clips;,0xDEAFC0DE,
2A,9,north,9,south,"dream_blocks,u_dash",2,,FALSE,FALSE,,,FALSE,FALSE,https://www.youtube.com/watch?v=t_M_YXyGuCI,Generated from apworld logic for vanilla movement clips;,0xDEAFC0DE,
2A,9,north,9,west,"u_dash,dream_blocks",2,,FALSE,FALSE,,,FALSE,FALSE,https://www.youtube.com/watch?v=PTQNOppra44,Generated from apworld logic for vanilla movement clips;,0xDEAFC0DE,
2A,9,north,9,west,"ul_dash,dream_blocks",2,,FALSE,FALSE,,,FALSE,FALSE,https://www.youtube.com/watch?v=i-ePD3ob9y8,Generated from apworld logic for vanilla movement clips;,0xDEAFC0DE,
2A,9,north-door,9,north,,2,,FALSE,FALSE,,,FALSE,FALSE,https://www.youtube.com/watch?v=JIvsCLDLWJc,Generated from apworld logic for vanilla movement clips;,0xDEAFC0DE,
2A,9,north-west,9,west,,2,,FALSE,FALSE,,,FALSE,FALSE,https://www.youtube.com/watch?v=W2U2vvPDZ-s,Generated from apworld logic for vanilla movement clips;,0xDEAFC0DE,
2A,9,south,9,Strawberry,,2,,FALSE,FALSE,,,FALSE,FALSE,https://www.youtube.com/watch?v=oa55CV_0GUg,Generated from apworld logic for vanilla movement clips;,0xDEAFC0DE,
2A,9,south,9,south-east,coins,2,,FALSE,FALSE,,,FALSE,FALSE,https://www.youtube.com/watch?v=hWbfTtIAvGs,Generated from apworld logic for vanilla movement clips;,0xDEAFC0DE,
2A,9,south,9,north,"dream_blocks,ul_dash,r_climb",2,,FALSE,FALSE,,,FALSE,FALSE,https://www.youtube.com/watch?v=sji1U_m9KPc,Generated from apworld logic for vanilla movement clips;,0xDEAFC0DE,
2A,9b,east,9b,Strawberry,,2,,FALSE,FALSE,,,FALSE,FALSE,https://www.youtube.com/watch?v=6UEGAsBJL2Q,Generated from apworld logic for vanilla movement clips;,0xDEAFC0DE,
2A,9b,east,9b,west,,2,,FALSE,FALSE,,,FALSE,FALSE,https://www.youtube.com/watch?v=IpK0g2gmSkA,Generated from apworld logic for vanilla movement clips;,0xDEAFC0DE,
2A,9b,west,9b,east,,2,,FALSE,FALSE,,,FALSE,FALSE,https://www.youtube.com/watch?v=QHHe8LFSEW0,Generated from apworld logic for vanilla movement clips;,0xDEAFC0DE,
2A,10,top,10,Strawberry,"crouch,dream_blocks,l_dash",2,,FALSE,FALSE,,,FALSE,FALSE,https://www.youtube.com/watch?v=eWCYbSbpJlo,Generated from apworld logic for vanilla movement clips;,0xDEAFC0DE,
2A,10,top,10,Strawberry,"any_dash_dr_r_ur,dream_blocks,l_dash",2,,FALSE,FALSE,,,FALSE,TRUE,https://www.youtube.com/watch?v=2wTLLLs5v_o,Generated from apworld logic for vanilla movement clips;,0xDEAFC0DE,
2A,10,top,10,bottom,"any_dash_dr_r_ur,coins,dream_blocks,l_dash",2,,FALSE,FALSE,,,FALSE,TRUE,https://www.youtube.com/watch?v=Ed7STavx3zQ,Generated from apworld logic for vanilla movement clips;,0xDEAFC0DE,
2A,2,north-west,2,south-east,,2,,FALSE,FALSE,,,FALSE,FALSE,https://www.youtube.com/watch?v=j-vVsNDTlNU,Generated from apworld logic for vanilla movement clips;,0xDEAFC0DE,
2A,2,south-east,2,north-west,,2,,FALSE,FALSE,,,FALSE,FALSE,https://www.youtube.com/watch?v=YeX215gleAI,Generated from apworld logic for vanilla movement clips;,0xDEAFC0DE,
2A,11,west,11,east,,2,,FALSE,FALSE,,,FALSE,FALSE,https://www.youtube.com/watch?v=3lb-trkyMKg,Generated from apworld logic for vanilla movement clips;,0xDEAFC0DE,
2A,11,east,11,west,,2,,FALSE,FALSE,,,FALSE,FALSE,https://www.youtube.com/watch?v=2xKVncwZ-hM,Generated from apworld logic for vanilla movement clips;,0xDEAFC0DE,
2A,12b,west,12b,north,"any_dash_dr_r_ur,dream_blocks",2,,FALSE,FALSE,,,FALSE,TRUE,https://www.youtube.com/watch?v=YO5xARZ5u8k,Generated from apworld logic for vanilla movement clips;,0xDEAFC0DE,
2A,12b,north,12b,west,"any_dash_dl_l_ul,dream_blocks",2,,FALSE,FALSE,,,FALSE,TRUE,https://www.youtube.com/watch?v=BWvqtQWwjUk,Generated from apworld logic for vanilla movement clips;,0xDEAFC0DE,
2A,12b,north,12b,south,"any_dash_d_dl_dr,dream_blocks",2,,FALSE,FALSE,,,FALSE,TRUE,https://www.youtube.com/watch?v=DBa1ZTFoPws,Generated from apworld logic for vanilla movement clips;,0xDEAFC0DE,
2A,12b,north,12b,east,"any_dash_dr_r_ur,dream_blocks",2,,FALSE,FALSE,,,FALSE,TRUE,https://www.youtube.com/watch?v=lCyJ6wdLPwY,Generated from apworld logic for vanilla movement clips;,0xDEAFC0DE,
2A,12b,east,12b,north,"any_dash_dl_l_ul,dream_blocks",2,,FALSE,FALSE,,,FALSE,TRUE,https://www.youtube.com/watch?v=GjutGobRPn0,Generated from apworld logic for vanilla movement clips;,0xDEAFC0DE,
2A,12b,south-east,12b,north,,2,,FALSE,FALSE,,,FALSE,FALSE,https://www.youtube.com/watch?v=MYMgg0BWq1w,Generated from apworld logic for vanilla movement clips;,0xDEAFC0DE,
2A,12c,south,12c,Strawberry,"dream_blocks,l_dash,r_dash",2,,FALSE,FALSE,,,FALSE,FALSE,https://www.youtube.com/watch?v=Ce3tz-LfGns,Generated from apworld logic for vanilla movement clips;,0xDEAFC0DE,
2A,12c,south,12c,Strawberry,"dl_dash,dream_blocks,r_dash,ul_dash",2,,FALSE,FALSE,,,FALSE,FALSE,https://www.youtube.com/watch?v=z33RQVwShpE,Generated from apworld logic for vanilla movement clips;,0xDEAFC0DE,
2A,12c,south,12c,Strawberry,"dr_dash,dream_blocks,l_dash,ur_dash",2,,FALSE,FALSE,,,FALSE,FALSE,https://www.youtube.com/watch?v=DJK6LD3IlW0,Generated from apworld logic for vanilla movement clips;,0xDEAFC0DE,
2A,12c,south,12c,Strawberry,"dl_dash,dr_dash,dream_blocks,ul_dash,ur_dash",2,,FALSE,FALSE,,,FALSE,FALSE,https://www.youtube.com/watch?v=5IOXucblbu8,Generated from apworld logic for vanilla movement clips;,0xDEAFC0DE,
2A,12c,south,12c,Strawberry,"dl_dash,dream_blocks,r_dash,u_dash",2,,FALSE,FALSE,,,FALSE,FALSE,https://www.youtube.com/watch?v=HfpfckPx3yc,Generated from apworld logic for vanilla movement clips;,0xDEAFC0DE,
2A,12c,south,12c,Strawberry,"dr_dash,dream_blocks,l_dash,u_dash",2,,FALSE,FALSE,,,FALSE,FALSE,https://www.youtube.com/watch?v=JKW9ltTSlt4,Generated from apworld logic for vanilla movement clips;,0xDEAFC0DE,
2A,12c,south,12c,Strawberry,"dl_dash,dr_dash,dream_blocks,u_dash",2,,FALSE,FALSE,,,FALSE,FALSE,https://www.youtube.com/watch?v=icUbm0bwIUk,Generated from apworld logic for vanilla movement clips;,0xDEAFC0DE,
2A,12d,north-west,12d,Strawberry,"dream_blocks,ur_dash",2,,FALSE,FALSE,,,FALSE,FALSE,https://www.youtube.com/watch?v=-1JL0rw9Z_M,Generated from apworld logic for vanilla movement clips;,0xDEAFC0DE,
2A,12d,north-west,12d,Strawberry,"dr_dash,dream_blocks,u_dash",2,,FALSE,FALSE,,,FALSE,FALSE,https://www.youtube.com/watch?v=_eYqHnG5l2Q,Generated from apworld logic for vanilla movement clips;,0xDEAFC0DE,
2A,12d,north-west,12d,north,,2,,FALSE,FALSE,,,FALSE,FALSE,https://www.youtube.com/watch?v=0TmkQaQzTUo,Generated from apworld logic for vanilla movement clips;,0xDEAFC0DE,
2A,12d,north,12d,north-west,,2,,FALSE,FALSE,,,FALSE,FALSE,https://www.youtube.com/watch?v=LkMTOMNvayw,Generated from apworld logic for vanilla movement clips;,0xDEAFC0DE,
2A,12,west,12,east,,2,,FALSE,FALSE,,,FALSE,FALSE,https://www.youtube.com/watch?v=hBp6ctpuvqs,Generated from apworld logic for vanilla movement clips;,0xDEAFC0DE,
2A,12,east,12,west,,2,,FALSE,FALSE,,,FALSE,FALSE,https://www.youtube.com/watch?v=hlDp7BAm9b4,Generated from apworld logic for vanilla movement clips;,0xDEAFC0DE,
2A,13,west,13,phone,,2,,FALSE,FALSE,,,FALSE,FALSE,https://www.youtube.com/watch?v=fxcWdQcbeG8,Generated from apworld logic for vanilla movement clips;,0xDEAFC0DE,
2A,13,phone,13,west,,2,,FALSE,FALSE,,,FALSE,FALSE,https://www.youtube.com/watch?v=0goMI5r3ONQ,Generated from apworld logic for vanilla movement clips;,0xDEAFC0DE,
2A,end_0,main,end_0,east,,2,,FALSE,FALSE,,,FALSE,FALSE,https://www.youtube.com/watch?v=MtjzrKFHxtw,Generated from apworld logic for vanilla movement clips;,0xDEAFC0DE,
2A,end_0,top,end_0,east,,2,,FALSE,FALSE,,,FALSE,FALSE,https://www.youtube.com/watch?v=-NgTf-zcJYQ,Generated from apworld logic for vanilla movement clips;,0xDEAFC0DE,
2A,end_0,top,end_0,main,,2,,FALSE,FALSE,,,FALSE,FALSE,https://www.youtube.com/watch?v=Z7CTslWCBJk,Generated from apworld logic for vanilla movement clips;,0xDEAFC0DE,
2A,end_0,east,end_0,main,,2,,FALSE,FALSE,,,FALSE,FALSE,https://www.youtube.com/watch?v=AhJizwCqvlo,Generated from apworld logic for vanilla movement clips;,0xDEAFC0DE,
2A,end_0,east,end_0,top,u_dash,2,,FALSE,FALSE,,,FALSE,FALSE,https://www.youtube.com/watch?v=AOTzixPNltk,Generated from apworld logic for vanilla movement clips;,0xDEAFC0DE,
2A,end_0,east,end_0,top,"any_dash_l_ul,ur_dash",2,,FALSE,FALSE,,,FALSE,TRUE,https://www.youtube.com/watch?v=xb79POaoeM4,Generated from apworld logic for vanilla movement clips;,0xDEAFC0DE,
2A,end_0,east,end_0,top,"r_dash,ul_dash",2,,FALSE,FALSE,,,FALSE,FALSE,https://www.youtube.com/watch?v=adn1syQxjew,Generated from apworld logic for vanilla movement clips;,0xDEAFC0DE,
2A,end_0,east,end_0,top,"crouch,dl_dash",2,,FALSE,FALSE,,,FALSE,FALSE,https://www.youtube.com/watch?v=VN4EsSTXVMU,Generated from apworld logic for vanilla movement clips;,0xDEAFC0DE,
2A,end_s0,bottom,end_s0,top,,2,,FALSE,FALSE,,,FALSE,FALSE,https://www.youtube.com/watch?v=33XKjAGxp-s,Generated from apworld logic for vanilla movement clips;,0xDEAFC0DE,
2A,end_s0,top,end_s0,bottom,,2,,FALSE,FALSE,,,FALSE,FALSE,https://www.youtube.com/watch?v=LHjqPgAxObw,Generated from apworld logic for vanilla movement clips;,0xDEAFC0DE,
2A,end_1,west,end_1,east,,2,,FALSE,FALSE,,,FALSE,FALSE,https://www.youtube.com/watch?v=BbiQFYoYaag,Generated from apworld logic for vanilla movement clips;,0xDEAFC0DE,
2A,end_1,west,end_1,north-east,any_dash_r_u_ur,2,,FALSE,FALSE,,,FALSE,TRUE,https://www.youtube.com/watch?v=5KbQzV6m9q4,Generated from apworld logic for vanilla movement clips;,0xDEAFC0DE,
2A,end_1,west,end_1,north-east,r_climb,2,,FALSE,FALSE,,,FALSE,FALSE,https://www.youtube.com/watch?v=RAO3Wqu7k8I,Generated from apworld logic for vanilla movement clips;,0xDEAFC0DE,
2A,end_1,north-north-east,end_1,north-east,,2,,FALSE,FALSE,,,FALSE,FALSE,https://www.youtube.com/watch?v=7g6J5iGFm1Y,Generated from apworld logic for vanilla movement clips;,0xDEAFC0DE,
2A,end_1,north-north-east,end_1,west,,2,,FALSE,FALSE,,,FALSE,FALSE,https://www.youtube.com/watch?v=oYelLVPoxUk,Generated from apworld logic for vanilla movement clips;,0xDEAFC0DE,
2A,end_1,north-east,end_1,west,,2,,FALSE,FALSE,,,FALSE,FALSE,https://www.youtube.com/watch?v=abtLI_M0TDY,Generated from apworld logic for vanilla movement clips;,0xDEAFC0DE,
2A,end_1,north-east,end_1,north-north-east,,2,,FALSE,FALSE,,,FALSE,FALSE,https://www.youtube.com/watch?v=-oz0kmboU-Q,Generated from apworld logic for vanilla movement clips;,0xDEAFC0DE,
2A,end_1,east,end_1,west,,2,,FALSE,FALSE,,,FALSE,FALSE,https://www.youtube.com/watch?v=CXJko9R0Xbw,Generated from apworld logic for vanilla movement clips;,0xDEAFC0DE,
2A,end_2,north-west,end_2,north-east,,2,,FALSE,FALSE,,,FALSE,FALSE,https://www.youtube.com/watch?v=coUKVOE8wcM,Generated from apworld logic for vanilla movement clips;,0xDEAFC0DE,
2A,end_2,north-west,end_2,north-north-west,,2,,FALSE,FALSE,,,FALSE,FALSE,https://www.youtube.com/watch?v=qw3dppTgIf4,Generated from apworld logic for vanilla movement clips;,0xDEAFC0DE,
2A,end_2,north-north-west,end_2,north-west,,2,,FALSE,FALSE,,,FALSE,FALSE,https://www.youtube.com/watch?v=mZCqGgTOTMc,Generated from apworld logic for vanilla movement clips;,0xDEAFC0DE,
2A,end_2,west,end_2,east,,2,,FALSE,FALSE,,,FALSE,FALSE,https://www.youtube.com/watch?v=y-j7bTBuuUo,Generated from apworld logic for vanilla movement clips;,0xDEAFC0DE,
2A,end_2,north-east,end_2,north-west,,2,,FALSE,FALSE,,,FALSE,FALSE,https://www.youtube.com/watch?v=Yf7EoBqbb6g,Generated from apworld logic for vanilla movement clips;,0xDEAFC0DE,
2A,end_2,east,end_2,west,,2,,FALSE,FALSE,,,FALSE,FALSE,https://www.youtube.com/watch?v=obG7gAyw0zs,Generated from apworld logic for vanilla movement clips;,0xDEAFC0DE,
2A,end_3,north-west,end_3,west,,2,,FALSE,FALSE,,,FALSE,FALSE,https://www.youtube.com/watch?v=UepsQ7WGmZs,Generated from apworld logic for vanilla movement clips;,0xDEAFC0DE,
2A,end_3,west,end_3,east,,2,,FALSE,FALSE,,,FALSE,FALSE,https://www.youtube.com/watch?v=VLk4Ipin8XQ,Generated from apworld logic for vanilla movement clips;,0xDEAFC0DE,
2A,end_3,west,end_3,north-west,,2,,FALSE,FALSE,,,FALSE,FALSE,https://www.youtube.com/watch?v=2is82A-ZK7g,Generated from apworld logic for vanilla movement clips;,0xDEAFC0DE,
2A,end_3,east,end_3,west,,2,,FALSE,FALSE,,,FALSE,FALSE,https://www.youtube.com/watch?v=zE11F9G1Ssc,Generated from apworld logic for vanilla movement clips;,0xDEAFC0DE,
2A,end_4,west,end_4,east,,2,,FALSE,FALSE,,,FALSE,FALSE,https://www.youtube.com/watch?v=4LFC1Xr34m0,Generated from apworld logic for vanilla movement clips;,0xDEAFC0DE,
2A,end_4,east,end_4,west,,2,,FALSE,FALSE,,,FALSE,FALSE,https://www.youtube.com/watch?v=rLhcimGSgMM,Generated from apworld logic for vanilla movement clips;,0xDEAFC0DE,
2A,end_3b,west,end_3b,north,any_dash_u_ul_ur,2,,FALSE,FALSE,,,FALSE,TRUE,https://www.youtube.com/watch?v=-8e8QjNtRgI,Generated from apworld logic for vanilla movement clips;,0xDEAFC0DE,
2A,end_3b,west,end_3b,east,,2,,FALSE,FALSE,,,FALSE,FALSE,https://www.youtube.com/watch?v=IrgL_QmBO6E,Generated from apworld logic for vanilla movement clips;,0xDEAFC0DE,
2A,end_3b,north,end_3b,west,,2,,FALSE,FALSE,,,FALSE,FALSE,https://www.youtube.com/watch?v=FYsIql9r6_Y,Generated from apworld logic for vanilla movement clips;,0xDEAFC0DE,
2A,end_3b,east,end_3b,west,,2,,FALSE,FALSE,,,FALSE,FALSE,https://www.youtube.com/watch?v=UDVPeDDTukI,Generated from apworld logic for vanilla movement clips;,0xDEAFC0DE,
2A,end_3cb,bottom,end_3cb,top,,2,,FALSE,FALSE,,,FALSE,FALSE,https://www.youtube.com/watch?v=750T1yD36Hs,Generated from apworld logic for vanilla movement clips;,0xDEAFC0DE,
2A,end_3cb,top,end_3cb,bottom,,2,,FALSE,FALSE,,,FALSE,FALSE,https://www.youtube.com/watch?v=2_kLwnHuczY,Generated from apworld logic for vanilla movement clips;,0xDEAFC0DE,
2A,end_3c,bottom,end_3c,Strawberry,"any_dash_l_u_ul,springs",2,,FALSE,FALSE,,,FALSE,TRUE,https://www.youtube.com/watch?v=keUUmjIQ9MM,Generated from apworld logic for vanilla movement clips;,0xDEAFC0DE,
2A,end_3c,bottom,end_3c,Strawberry,"crouch,dl_dash,springs",2,,FALSE,FALSE,,,FALSE,FALSE,https://www.youtube.com/watch?v=TflS-aNZpK8,Generated from apworld logic for vanilla movement clips;,0xDEAFC0DE,
2A,end_5,west,end_5,east,,2,,FALSE,FALSE,,,FALSE,FALSE,https://www.youtube.com/watch?v=OhbX6OWqn_s,Generated from apworld logic for vanilla movement clips;,0xDEAFC0DE,
2A,end_5,east,end_5,west,,2,,FALSE,FALSE,,,FALSE,FALSE,https://www.youtube.com/watch?v=9Fb3uU5u7b0,Generated from apworld logic for vanilla movement clips;,0xDEAFC0DE,
2A,end_6,west,end_6,main,,2,,FALSE,FALSE,,,FALSE,FALSE,https://www.youtube.com/watch?v=PGicykEdA_U,Generated from apworld logic for vanilla movement clips;,0xDEAFC0DE,
2A,end_6,main,end_6,Level Clear,,2,,FALSE,FALSE,,,FALSE,FALSE,https://www.youtube.com/watch?v=Uj8hRJunhb8,Generated from apworld logic for vanilla movement clips;,0xDEAFC0DE,
2A,end_6,main,end_6,west,,2,,FALSE,FALSE,,,FALSE,FALSE,https://www.youtube.com/watch?v=Z9eciaLiktg,Generated from apworld logic for vanilla movement clips;,0xDEAFC0DE,
2C,00,west,00,east,"dream_blocks,l_climb,r_dash",2,,FALSE,FALSE,,,FALSE,FALSE,https://www.youtube.com/watch?v=AMrHUnRBA38,Generated from apworld logic for vanilla movement clips;,zeeveez,
2C,01,west,01,east,"dr_dash,coins,dream_blocks",2,,FALSE,FALSE,,,FALSE,TRUE,https://www.youtube.com/watch?v=LlyEeEGgJe4,Generated from apworld logic for vanilla movement clips;,zeeveez,
2C,01,west,01,east,"any_dash_u_ur,coins,dream_blocks",2,,FALSE,FALSE,,,FALSE,TRUE,https://www.youtube.com/watch?v=rOBR0wivZRM,Generated from apworld logic for vanilla movement clips;,zeeveez,
2C,01,west,01,east,"any_dash_dl_ul,coins,dream_blocks,r_dash",2,,FALSE,FALSE,,,FALSE,TRUE,https://www.youtube.com/watch?v=uTuRClRfwzk,Generated from apworld logic for vanilla movement clips;,zeeveez,
2C,01,west,01,east,"any_dash_dl_ul,coins,dream_blocks,r_climb",2,,FALSE,FALSE,,,FALSE,TRUE,https://www.youtube.com/watch?v=gzhM40XsWbk,Generated from apworld logic for vanilla movement clips;,zeeveez,
2C,02,west,02,goal,"ur_dash,dash_refills,dream_blocks,l_climb,l_dash,r_dash",2,,FALSE,FALSE,,,FALSE,FALSE,https://www.youtube.com/watch?v=gR5AbaVo8ek,Generated from apworld logic for vanilla movement clips;,zeeveez,
2C,02,west,02,goal,"u_dash,dash_refills,dream_blocks,l_climb,l_dash,r_dash",2,,FALSE,FALSE,,,FALSE,FALSE,https://www.youtube.com/watch?v=TzK6uUd9A0A,Generated from apworld logic for vanilla movement clips;,zeeveez,
3A,s1,west,s1,north-east,"r_climb,u_dash",2,,FALSE,FALSE,,,FALSE,FALSE,https://www.youtube.com/watch?v=CUWGqt6o-t4,Generated from apworld logic for vanilla movement clips;,vinheim,
3A,s1,west,s1,north-east,"l_climb,u_dash",2,,FALSE,FALSE,,,FALSE,FALSE,https://www.youtube.com/watch?v=HtvkUtoTqRw,Generated from apworld logic for vanilla movement clips;,vinheim,
3A,s2,west,s2,Strawberry 1,,2,,FALSE,FALSE,,,FALSE,FALSE,https://www.youtube.com/watch?v=w74wQ0jb0OU,Generated from apworld logic for vanilla movement clips;,vinheim,
3A,s2,north-west,s2,Strawberry 2,u_dash,2,,FALSE,FALSE,,,FALSE,FALSE,https://www.youtube.com/watch?v=HLkqq66xzpo,Generated from apworld logic for vanilla movement clips;,vinheim,
3A,s2,north-west,s2,Strawberry 2,ur_dash,2,,FALSE,FALSE,,,FALSE,FALSE,https://www.youtube.com/watch?v=5UHZCpu73wE,Generated from apworld logic for vanilla movement clips;,vinheim,
3A,s2,north-west,s2,Strawberry 2,"r_dash,ul_dash",2,,FALSE,FALSE,,,FALSE,FALSE,https://www.youtube.com/watch?v=ZvPWLEcR8dI,Generated from apworld logic for vanilla movement clips;,vinheim,
3A,s3,west,s3,Front Door Key,any_dash_u_ur,2,,FALSE,FALSE,,,FALSE,TRUE,https://www.youtube.com/watch?v=1vP7DaIayf8,Generated from apworld logic for vanilla movement clips;,vinheim,
3A,s3,west,s3,Front Door Key,"r_dash,ul_dash",2,,FALSE,FALSE,,,FALSE,FALSE,https://www.youtube.com/watch?v=7ROEAECzDQw,Generated from apworld logic for vanilla movement clips;,vinheim,
3A,s3,west,s3,Front Door Key,l_climb,2,,FALSE,FALSE,,,FALSE,FALSE,https://www.youtube.com/watch?v=xT4gkTw_2kk,Generated from apworld logic for vanilla movement clips;,vinheim,
3A,00-a,west,00-a,Strawberry,l_dash,2,,FALSE,FALSE,,,FALSE,FALSE,https://www.youtube.com/watch?v=8RchXIB4mt0,Generated from apworld logic for vanilla movement clips;,vinheim,
3A,00-a,west,00-a,Strawberry,u_dash,2,,FALSE,FALSE,,,FALSE,FALSE,https://www.youtube.com/watch?v=4Di5wQ719iA,Generated from apworld logic for vanilla movement clips;,vinheim,
3A,00-a,west,00-a,Strawberry,ul_dash,2,,FALSE,FALSE,,,FALSE,FALSE,https://www.youtube.com/watch?v=-GN2c0-XCzI,Generated from apworld logic for vanilla movement clips;,vinheim,
3A,00-a,west,00-a,Strawberry,ur_dash,2,,FALSE,FALSE,,,FALSE,FALSE,https://www.youtube.com/watch?v=WL2jseetuDY,Generated from apworld logic for vanilla movement clips;,vinheim,
3A,00-a,west,00-a,Strawberry,"crouch,dr_dash",2,,FALSE,FALSE,,,FALSE,FALSE,https://www.youtube.com/watch?v=Tjk2WuUexbs,Generated from apworld logic for vanilla movement clips;,vinheim,
3A,00-a,west,00-a,Strawberry,"r_climb,r_dash",2,,FALSE,FALSE,,,FALSE,FALSE,https://www.youtube.com/watch?v=xYSk5f1n1I0,Generated from apworld logic for vanilla movement clips;,vinheim,
3A,00-a,west,00-a,east,any_dash_r_u_ul_ur,2,,FALSE,FALSE,,,FALSE,TRUE,https://www.youtube.com/watch?v=QeSDE0u0WFM,Generated from apworld logic for vanilla movement clips;,vinheim,
3A,00-a,west,00-a,east,"crouch,dr_dash",2,,FALSE,FALSE,,,FALSE,FALSE,https://www.youtube.com/watch?v=ir4BwUK-RaU,Generated from apworld logic for vanilla movement clips;,vinheim,
3A,02-a,west,02-a,main,any_dash_r_u_ur,2,,FALSE,FALSE,,,FALSE,TRUE,https://www.youtube.com/watch?v=bWBw7xRXR7Q,Generated from apworld logic for vanilla movement clips;,vinheim,
3A,02-a,west,02-a,main,"crouch,dr_dash,sinking_platforms",2,,FALSE,FALSE,,,FALSE,FALSE,https://www.youtube.com/watch?v=Er8CQjf7P24,Generated from apworld logic for vanilla movement clips;,vinheim,
3A,02-a,west,02-a,top,any_dash_u_ur,2,,FALSE,FALSE,,,FALSE,TRUE,https://www.youtube.com/watch?v=t8DLpxf804g,Generated from apworld logic for vanilla movement clips;,vinheim,
3A,02-a,top,02-a,main,,2,,FALSE,FALSE,,,FALSE,FALSE,https://www.youtube.com/watch?v=qG83QHJX1ck,Generated from apworld logic for vanilla movement clips;,vinheim,
3A,02-b,east,02-b,Hallway Key 1,,2,,FALSE,FALSE,,,FALSE,FALSE,https://www.youtube.com/watch?v=Bid0E2r89Qw,Generated from apworld logic for vanilla movement clips;,vinheim,
3A,01-b,east,01-b,north-west,l_climb,2,,FALSE,FALSE,,,FALSE,FALSE,https://www.youtube.com/watch?v=QtxPw1SIztk,Generated from apworld logic for vanilla movement clips;,vinheim,
3A,00-b,east,00-b,Strawberry,,2,,FALSE,FALSE,,,FALSE,FALSE,https://www.youtube.com/watch?v=zJuDdWu6ku4,Generated from apworld logic for vanilla movement clips;,vinheim,
3A,00-b,east,00-b,north,any_dash_u_ul_ur,2,,FALSE,FALSE,,,FALSE,TRUE,https://www.youtube.com/watch?v=zS5KlG8YemM,Generated from apworld logic for vanilla movement clips;,vinheim,
3A,00-c,south-east,00-c,south-west,"any_dash_l_ul,dash_refills",2,,FALSE,FALSE,,,FALSE,TRUE,https://www.youtube.com/watch?v=5R_HBEphNyw,Generated from apworld logic for vanilla movement clips;,vinheim,
3A,0x-b,north-east,0x-b,west,"any_dash_l_u,crouch,dash_refills,dl_dash",2,,FALSE,FALSE,,,FALSE,TRUE,https://www.youtube.com/watch?v=lXVKE2AoT7o,Generated from apworld logic for vanilla movement clips;,vinheim,
3A,0x-b,north-east,0x-b,west,"crouch,dl_dash,ul_dash",2,,FALSE,FALSE,,,FALSE,FALSE,https://www.youtube.com/watch?v=hUeGfSYX1lI,Generated from apworld logic for vanilla movement clips;,vinheim,
3A,0x-b,north-east,0x-b,west,"dash_refills,ul_dash",2,,FALSE,FALSE,,,FALSE,FALSE,https://www.youtube.com/watch?v=c80PJv9clsI,Generated from apworld logic for vanilla movement clips;,vinheim,
3A,0x-b,north-east,0x-b,west,"dash_refills,l_dash,u_dash",2,,FALSE,FALSE,,,FALSE,FALSE,https://www.youtube.com/watch?v=shvdD33OIwo,Generated from apworld logic for vanilla movement clips;,vinheim,
3A,03-a,west,03-a,east,"any_dash_r_u_ur,crouch,dr_dash",2,,FALSE,FALSE,,,FALSE,TRUE,https://www.youtube.com/watch?v=9505emNzczo,Generated from apworld logic for vanilla movement clips;,vinheim,
3A,03-a,west,03-a,east,"r_dash,sinking_platforms",2,,FALSE,FALSE,,,FALSE,FALSE,https://www.youtube.com/watch?v=Pml0GyfjLUU,Generated from apworld logic for vanilla movement clips;,vinheim,
3A,03-a,west,03-a,east,"u_dash,sinking_platforms",2,,FALSE,FALSE,,,FALSE,FALSE,https://www.youtube.com/watch?v=lCOqOggF_do,Generated from apworld logic for vanilla movement clips;,vinheim,
3A,03-a,west,03-a,east,"ul_dash,sinking_platforms",2,,FALSE,FALSE,,,FALSE,FALSE,https://www.youtube.com/watch?v=WZQ4jnMmzd8,Generated from apworld logic for vanilla movement clips;,vinheim,
3A,03-a,west,03-a,east,"ur_dash,sinking_platforms",2,,FALSE,FALSE,,,FALSE,FALSE,https://www.youtube.com/watch?v=S0EBs8m562c,Generated from apworld logic for vanilla movement clips;,vinheim,
3A,03-a,west,03-a,east,"l_dash,r_climb,sinking_platforms",2,,FALSE,FALSE,,,FALSE,FALSE,https://www.youtube.com/watch?v=zn-5ieyZ0NQ,Generated from apworld logic for vanilla movement clips;,vinheim,
3A,03-a,west,03-a,top,"any_dash_u_ur,sinking_platforms",2,,FALSE,FALSE,,,FALSE,TRUE,https://www.youtube.com/watch?v=J1k0bnLgEug,Generated from apworld logic for vanilla movement clips;,vinheim,
3A,04-b,east,04-b,Strawberry,"l_dash,any_dash_r_ur,dash_refills",2,,FALSE,FALSE,,,FALSE,FALSE,https://www.youtube.com/watch?v=PsM1QCVDdjs,Generated from apworld logic for vanilla movement clips;,vinheim,
3A,04-b,east,04-b,Strawberry,"u_dash,any_dash_r_ur,dash_refills",2,,FALSE,FALSE,,,FALSE,FALSE,https://www.youtube.com/watch?v=TiZrLHpFoNE,Generated from apworld logic for vanilla movement clips;,vinheim,
3A,04-b,east,04-b,Strawberry,"ul_dash,any_dash_r_ur,dash_refills",2,,FALSE,FALSE,,,FALSE,FALSE,https://www.youtube.com/watch?v=ux52_FPY7to,Generated from apworld logic for vanilla movement clips;,vinheim,
3A,05-a,west,05-a,east,moving_platforms,2,,FALSE,FALSE,,,FALSE,FALSE,https://www.youtube.com/watch?v=qeO8jmaj2f8,Generated from apworld logic for vanilla movement clips;,vinheim,
3A,05-a,west,05-a,east,r_dash,2,,FALSE,FALSE,,,FALSE,FALSE,https://www.youtube.com/watch?v=Neyd9G6g0WE,Generated from apworld logic for vanilla movement clips;,vinheim,
3A,05-a,west,05-a,east,u_dash,2,,FALSE,FALSE,,,FALSE,FALSE,https://www.youtube.com/watch?v=1ZTUMJuTF6c,Generated from apworld logic for vanilla movement clips;,vinheim,
3A,05-a,west,05-a,east,ur_dash,2,,FALSE,FALSE,,,FALSE,FALSE,https://www.youtube.com/watch?v=TnidU8TvlWU,Generated from apworld logic for vanilla movement clips;,vinheim,
3A,06-a,west,06-a,Strawberry,r_climb,2,,FALSE,FALSE,,,FALSE,FALSE,https://www.youtube.com/watch?v=7u2L0C2Ieb0,Generated from apworld logic for vanilla movement clips;,vinheim,
3A,06-a,west,06-a,east,any_dash_r_u_ur,2,,FALSE,FALSE,,,FALSE,TRUE,https://www.youtube.com/watch?v=5pfupEGlQA8,Generated from apworld logic for vanilla movement clips;,vinheim,
3A,06-a,west,06-a,east,r_climb,2,,FALSE,FALSE,,,FALSE,FALSE,https://www.youtube.com/watch?v=p9iPgcJg2mQ,Generated from apworld logic for vanilla movement clips;,vinheim,
3A,07-a,west,07-a,east,"any_dash_r_u,celestialresorta-hallwaykey2,dash_refills",2,,FALSE,FALSE,,,FALSE,TRUE,https://www.youtube.com/watch?v=OoQHbfDUYJ4,Generated from apworld logic for vanilla movement clips;,vinheim,
3A,07-a,west,07-a,east,"celestialresorta-hallwaykey2,ur_dash",2,,FALSE,FALSE,,,FALSE,FALSE,https://www.youtube.com/watch?v=RKERv56WI9g,Generated from apworld logic for vanilla movement clips;,vinheim,
3A,07-a,west,07-a,east,"celestialresorta-hallwaykey2,r_climb",2,,FALSE,FALSE,,,FALSE,FALSE,https://www.youtube.com/watch?v=dylaCQxlrgk,Generated from apworld logic for vanilla movement clips;,vinheim,
3A,07-b,top,07-b,Strawberry,,2,,FALSE,FALSE,,,FALSE,FALSE,https://www.youtube.com/watch?v=xWK6pChXBL4,Generated from apworld logic for vanilla movement clips;,vinheim,
3A,06-b,strawberry,06-b,east,r_climb,2,,FALSE,FALSE,,,FALSE,FALSE,https://www.youtube.com/watch?v=qGfj_0qv55E,Generated from apworld logic for vanilla movement clips;,vinheim,
3A,06-b,strawberry,06-b,east,ur_dash,2,,FALSE,FALSE,,,FALSE,FALSE,https://www.youtube.com/watch?v=nQ73axLSlfM,Generated from apworld logic for vanilla movement clips;,vinheim,
3A,06-b,strawberry,06-b,west,any_dash_l_u_ul,2,,FALSE,FALSE,,,FALSE,TRUE,https://www.youtube.com/watch?v=yHov4syGGrQ,Generated from apworld logic for vanilla movement clips;,vinheim,
3A,06-b,east,06-b,west,"any_dash_l_u_ul_ur,sinking_platforms",2,,FALSE,FALSE,,,FALSE,TRUE,https://www.youtube.com/watch?v=Yjq1gQ03UGA,Generated from apworld logic for vanilla movement clips;,vinheim,
3A,06-b,east,06-b,strawberry,"any_dash_l_u_ul_ur,sinking_platforms",2,,FALSE,FALSE,,,FALSE,TRUE,https://www.youtube.com/watch?v=hAy_00dkAtQ,Generated from apworld logic for vanilla movement clips;,vinheim,
3A,06-b,east,06-b,strawberry,l_climb,2,,FALSE,FALSE,,,FALSE,FALSE,https://www.youtube.com/watch?v=f8KXLob2lZw,Generated from apworld logic for vanilla movement clips;,vinheim,
3A,06-c,south-west,06-c,north-west,any_dash_u_ul,2,,FALSE,FALSE,,,FALSE,TRUE,https://www.youtube.com/watch?v=SJ6PVuXdx-E,Generated from apworld logic for vanilla movement clips;,vinheim,
3A,06-c,south-west,06-c,center,ur_dash,2,,FALSE,FALSE,,,FALSE,FALSE,https://www.youtube.com/watch?v=zvpJvHqvFQc,Generated from apworld logic for vanilla movement clips;,vinheim,
3A,06-c,south-west,06-c,center,r_climb,2,,FALSE,FALSE,,,FALSE,FALSE,https://www.youtube.com/watch?v=MjX3-S6-BTg,Generated from apworld logic for vanilla movement clips;,vinheim,
3A,06-c,center,06-c,Strawberry,"any_dash_l_ul,l_climb,r_climb",2,,FALSE,FALSE,,,FALSE,TRUE,https://www.youtube.com/watch?v=ZgTjcZxQMOM,Generated from apworld logic for vanilla movement clips;,vinheim,
3A,06-c,center,06-c,south-east,r_dash,2,,FALSE,FALSE,,,FALSE,FALSE,https://www.youtube.com/watch?v=S3q_cz36zr8,Generated from apworld logic for vanilla movement clips;,vinheim,
3A,06-c,center,06-c,south-east,u_dash,2,,FALSE,FALSE,,,FALSE,FALSE,https://www.youtube.com/watch?v=y1KcQneaXJE,Generated from apworld logic for vanilla movement clips;,vinheim,
3A,06-c,center,06-c,south-east,ur_dash,2,,FALSE,FALSE,,,FALSE,FALSE,https://www.youtube.com/watch?v=o_482DRK15k,Generated from apworld logic for vanilla movement clips;,vinheim,
3A,06-c,center,06-c,south-east,r_climb,2,,FALSE,FALSE,,,FALSE,FALSE,https://www.youtube.com/watch?v=6bCOLzKn1oM,Generated from apworld logic for vanilla movement clips;,vinheim,
3A,06-c,south-east,06-c,south-east-door,any_dash_d_dl_dr,2,,FALSE,FALSE,,,FALSE,TRUE,https://www.youtube.com/watch?v=GfyTYD-NAro,Generated from apworld logic for vanilla movement clips;,vinheim,
3A,05-c,east,05-c,Strawberry,u_dash,2,,FALSE,FALSE,,,FALSE,FALSE,https://www.youtube.com/watch?v=uUym9RklMTw,Generated from apworld logic for vanilla movement clips;,vinheim,
3A,05-c,east,05-c,Strawberry,"any_dash_l_ul,any_dash_r_ur",2,,FALSE,FALSE,,,FALSE,TRUE,https://www.youtube.com/watch?v=iw9Ma7r3zEI,Generated from apworld logic for vanilla movement clips;,vinheim,
3A,08-c,west,08-c,east,"any_dash_l_ul,coins,springs",2,,FALSE,FALSE,,,FALSE,TRUE,https://www.youtube.com/watch?v=eVvyJeA5O7c,Generated from apworld logic for vanilla movement clips;,vinheim,
3A,08-c,west,08-c,east,"any_dash_l_ul,coins,moving_platforms",2,,FALSE,FALSE,,,FALSE,TRUE,https://www.youtube.com/watch?v=LinYGo1ixVI,Generated from apworld logic for vanilla movement clips;,vinheim,
3A,08-c,west,08-c,east,"any_dash_l_ul,coins,r_dash",2,,FALSE,FALSE,,,FALSE,TRUE,https://www.youtube.com/watch?v=YV_xLgwiyMQ,Generated from apworld logic for vanilla movement clips;,vinheim,
3A,08-c,west,08-c,east,"any_dash_l_ul,coins,crouch,dr_dash",2,,FALSE,FALSE,,,FALSE,TRUE,https://www.youtube.com/watch?v=iWQ6TVlL2i0,Generated from apworld logic for vanilla movement clips;,vinheim,
3A,08-c,west,08-c,east,"any_dash_r_u_ur,coins",2,,FALSE,FALSE,,,FALSE,TRUE,https://www.youtube.com/watch?v=W2xg1FcIWx0,Generated from apworld logic for vanilla movement clips;,vinheim,
3A,08-b,east,08-b,west,"crouch,dl_dash,sinking_platforms,ul_dash",2,,FALSE,FALSE,,,FALSE,FALSE,https://www.youtube.com/watch?v=xEgA85kk-Vs,Generated from apworld logic for vanilla movement clips;,vinheim,
3A,08-b,east,08-b,west,"crouch,dash_refills,dl_dash,l_dash,sinking_platforms,ur_dash",2,,FALSE,FALSE,,,FALSE,FALSE,https://www.youtube.com/watch?v=VLR7djj2lFE,Generated from apworld logic for vanilla movement clips;,vinheim,
3A,08-b,east,08-b,west,"any_dash_l_ul,dash_refills,sinking_platforms,u_dash",2,,FALSE,FALSE,,,FALSE,TRUE,https://www.youtube.com/watch?v=AKTPjkQtFzA,Generated from apworld logic for vanilla movement clips;,vinheim,
3A,11-x,west,11-x,south,coins,2,,FALSE,FALSE,,,FALSE,FALSE,https://www.youtube.com/watch?v=Qwsd40lYeJo,Generated from apworld logic for vanilla movement clips;,vinheim,
3A,11-y,west,11-y,east,any_dash_u_ur,2,,FALSE,FALSE,,,FALSE,TRUE,https://www.youtube.com/watch?v=tYGAj_EMTMU,Generated from apworld logic for vanilla movement clips;,vinheim,
3A,11-y,west,11-y,east,r_climb,2,,FALSE,FALSE,,,FALSE,FALSE,https://www.youtube.com/watch?v=uuawVeBkD_Q,Generated from apworld logic for vanilla movement clips;,vinheim,
3A,12-y,west,12-y,Strawberry,l_dash,2,,FALSE,FALSE,,,FALSE,FALSE,https://www.youtube.com/watch?v=hy9_SCU_bTY,Generated from apworld logic for vanilla movement clips;,vinheim,
3A,12-y,west,12-y,Strawberry,ul_dash,2,,FALSE,FALSE,,,FALSE,FALSE,https://www.youtube.com/watch?v=4zDVycxqw-o,Generated from apworld logic for vanilla movement clips;,vinheim,
3A,12-y,west,12-y,Strawberry,u_dash,2,,FALSE,FALSE,,,FALSE,FALSE,https://www.youtube.com/watch?v=wLVYb81Rke4,Generated from apworld logic for vanilla movement clips;,vinheim,
3A,12-y,west,12-y,Strawberry,ur_dash,2,,FALSE,FALSE,,,FALSE,FALSE,https://www.youtube.com/watch?v=xswkGfkkfvE,Generated from apworld logic for vanilla movement clips;,vinheim,
3A,12-y,west,12-y,Strawberry,r_dash,2,,FALSE,FALSE,,,FALSE,FALSE,https://www.youtube.com/watch?v=nR6n42jAW24,Generated from apworld logic for vanilla movement clips;,vinheim,
3A,12-y,west,12-y,Strawberry,l_climb,2,,FALSE,FALSE,,,FALSE,FALSE,https://www.youtube.com/watch?v=GTSdWtXIgNg,Generated from apworld logic for vanilla movement clips;,vinheim,
3A,11-z,east,11-z,west,,2,,FALSE,FALSE,,,FALSE,FALSE,https://www.youtube.com/watch?v=158ESPPNmNE,Generated from apworld logic for vanilla movement clips;,vinheim,
3A,10-z,bottom,10-z,top,"any_dash_l_u_ul,sinking_platforms",2,,FALSE,FALSE,,,FALSE,TRUE,https://www.youtube.com/watch?v=RZjJL0fjXeg,Generated from apworld logic for vanilla movement clips;,vinheim,
3A,10-z,bottom,10-z,top,"any_dash_dr_r_ur,crouch,dl_dash,u_dash",2,,FALSE,FALSE,,,FALSE,TRUE,https://www.youtube.com/watch?v=M4hKYii7vhI,Generated from apworld logic for vanilla movement clips;,vinheim,
3A,10-z,bottom,10-z,top,"any_dash_r_ur,ul_dash",2,,FALSE,FALSE,,,FALSE,TRUE,https://www.youtube.com/watch?v=AwilpuwEp_c,Generated from apworld logic for vanilla movement clips;,vinheim,
3A,10-z,bottom,10-z,top,"crouch,dr_dash,ul_dash",2,,FALSE,FALSE,,,FALSE,FALSE,https://www.youtube.com/watch?v=oclet1PIICw,Generated from apworld logic for vanilla movement clips;,vinheim,
3A,10-y,bottom,10-y,Strawberry,,2,,FALSE,FALSE,,,FALSE,FALSE,https://www.youtube.com/watch?v=_akBH2qzQos,Generated from apworld logic for vanilla movement clips;,vinheim,
3A,10-y,bottom,10-y,top,,2,,FALSE,FALSE,,,FALSE,FALSE,https://www.youtube.com/watch?v=aqXRIQbxvEo,Generated from apworld logic for vanilla movement clips;,vinheim,
3A,10-c,south-east,10-c,north-east,,2,,FALSE,FALSE,,,FALSE,FALSE,https://www.youtube.com/watch?v=IeM0ynZ41Ms,Generated from apworld logic for vanilla movement clips;,vinheim,
3A,11-c,west,11-c,east,,2,,FALSE,FALSE,,,FALSE,FALSE,https://www.youtube.com/watch?v=X6xQgMr4y0s,Generated from apworld logic for vanilla movement clips;,vinheim,
3A,12-c,west,12-c,Strawberry,,2,,FALSE,FALSE,,,FALSE,FALSE,https://www.youtube.com/watch?v=KoBgkkeLfkc,Generated from apworld logic for vanilla movement clips;,vinheim,
3A,12-d,bottom,12-d,top,,2,,FALSE,FALSE,,,FALSE,FALSE,https://www.youtube.com/watch?v=OGYrKZV1Mh0,Generated from apworld logic for vanilla movement clips;,vinheim,
3A,11-d,east,11-d,west,"any_dash_l_u_ul,dash_refills",2,,FALSE,FALSE,,,FALSE,TRUE,https://www.youtube.com/watch?v=c2D6XqsEFZo,Generated from apworld logic for vanilla movement clips;,vinheim,
3A,11-d,east,11-d,strawberry,"dash_refills,u_dash",2,,FALSE,FALSE,,,FALSE,FALSE,https://www.youtube.com/watch?v=qy4Kp3lqBP0,Generated from apworld logic for vanilla movement clips;,vinheim,
3A,11-d,east,11-d,strawberry,"any_dash_l_ul,any_dash_r_ur,dash_refills",2,,FALSE,FALSE,,,FALSE,TRUE,https://www.youtube.com/watch?v=mexL7vFWtE4,Generated from apworld logic for vanilla movement clips;,vinheim,
3A,11-d,east,11-d,strawberry,"any_dash_l_u_ul,dash_refills,r_climb",2,,FALSE,FALSE,,,FALSE,TRUE,https://www.youtube.com/watch?v=z-UAmf9Rh1c,Generated from apworld logic for vanilla movement clips;,vinheim,
3A,11-b,west,11-b,center,any_dash_u_ur,2,,FALSE,FALSE,,,FALSE,TRUE,https://www.youtube.com/watch?v=4ebN_-XQ5hA,Generated from apworld logic for vanilla movement clips;,vinheim,
3A,11-b,center,11-b,north-east,"any_dash_u_ul,pink_clutter",2,,FALSE,FALSE,,,FALSE,TRUE,https://www.youtube.com/watch?v=kf_0ddZZMpI,Generated from apworld logic for vanilla movement clips;,vinheim,
3A,12-b,west,12-b,east,,2,,FALSE,FALSE,,,FALSE,FALSE,https://www.youtube.com/watch?v=RpnT-cDlxhk,Generated from apworld logic for vanilla movement clips;,vinheim,
3A,12-b,east,12-b,west,,2,,FALSE,FALSE,,,FALSE,FALSE,https://www.youtube.com/watch?v=UtePTzpJCr8,Generated from apworld logic for vanilla movement clips;,vinheim,
3A,13-b,top,13-b,Strawberry,,2,,FALSE,FALSE,,,FALSE,FALSE,https://www.youtube.com/watch?v=juoVvqTnNBw,Generated from apworld logic for vanilla movement clips;,vinheim,
3A,13-b,top,13-b,bottom,,2,,FALSE,FALSE,,,FALSE,FALSE,https://www.youtube.com/watch?v=dFlB7slMWd4,Generated from apworld logic for vanilla movement clips;,vinheim,
3A,13-b,bottom,13-b,top,any_dash_u_ul,2,,FALSE,FALSE,,,FALSE,TRUE,https://www.youtube.com/watch?v=NxF4u5n6i2k,Generated from apworld logic for vanilla movement clips;,vinheim,
3A,13-a,west,13-a,east,u_dash,2,,FALSE,FALSE,,,FALSE,FALSE,https://www.youtube.com/watch?v=ex6PTg2a7ts,Generated from apworld logic for vanilla movement clips;,vinheim,
3A,13-a,south-west,13-a,west,"any_dash_u_ul,pink_clutter",2,,FALSE,FALSE,,,FALSE,TRUE,https://www.youtube.com/watch?v=3ILbM5DMxug,Generated from apworld logic for vanilla movement clips;,vinheim,
3A,13-a,south-west,13-a,west,"l_climb,pink_clutter",2,,FALSE,FALSE,,,FALSE,FALSE,https://www.youtube.com/watch?v=d_vEtpNNaRA,Generated from apworld logic for vanilla movement clips;,vinheim,
3A,13-x,east,13-x,west,,2,,FALSE,FALSE,,,FALSE,FALSE,https://www.youtube.com/watch?v=V6JElSODOzI,Generated from apworld logic for vanilla movement clips;,vinheim,
3A,13-x,east,13-x,strawberry,,2,,FALSE,FALSE,,,FALSE,FALSE,https://www.youtube.com/watch?v=h5ovubPRDsM,Generated from apworld logic for vanilla movement clips;,vinheim,
3A,12-x,east,12-x,north-east,any_dash_u_ul_ur,2,,FALSE,FALSE,,,FALSE,TRUE,https://www.youtube.com/watch?v=0_qSa7lydXo,Generated from apworld logic for vanilla movement clips;,vinheim,
3A,09-d,bottom,09-d,top,,2,,FALSE,FALSE,,,FALSE,FALSE,https://www.youtube.com/watch?v=zej_z7S9uqk,Generated from apworld logic for vanilla movement clips;,vinheim,
3A,08-d,east,08-d,west,"u_dash,coins,l_climb,r_climb",2,,FALSE,FALSE,,,FALSE,FALSE,https://www.youtube.com/watch?v=iewT67wnhQE,Generated from apworld logic for vanilla movement clips;,vinheim,
3A,08-d,east,08-d,west,"ul_dash,coins,l_climb,r_climb",2,,FALSE,FALSE,,,FALSE,FALSE,https://www.youtube.com/watch?v=cmOOxwfLqsY,Generated from apworld logic for vanilla movement clips;,vinheim,
3A,08-d,east,08-d,west,"ur_dash,coins,l_climb,r_climb",2,,FALSE,FALSE,,,FALSE,FALSE,https://www.youtube.com/watch?v=3AGo_ZflPN8,Generated from apworld logic for vanilla movement clips;,vinheim,
3A,08-d,east,08-d,west,"any_dash_u_ul,coins,dash_refills",2,,FALSE,FALSE,,,FALSE,TRUE,https://www.youtube.com/watch?v=se6UO7c-_Mg,Generated from apworld logic for vanilla movement clips;,vinheim,
3A,08-d,east,08-d,west,"coins,dash_refills,l_climb,ur_dash",2,,FALSE,FALSE,,,FALSE,FALSE,https://www.youtube.com/watch?v=y56i8jFzPVA,Generated from apworld logic for vanilla movement clips;,vinheim,
3A,08-d,east,08-d,west,"coins,dash_refills,l_dash,ur_dash",2,,FALSE,FALSE,,,FALSE,FALSE,https://www.youtube.com/watch?v=CCVmpZ0bNxk,Generated from apworld logic for vanilla movement clips;,vinheim,
3A,06-d,east,06-d,Strawberry,u_dash,2,,FALSE,FALSE,,,FALSE,FALSE,https://www.youtube.com/watch?v=dwx9-y99mqY,Generated from apworld logic for vanilla movement clips;,vinheim,
3A,06-d,east,06-d,Strawberry,"ul_dash,ur_dash",2,,FALSE,FALSE,,,FALSE,FALSE,https://www.youtube.com/watch?v=3W5mIT1y5x0,Generated from apworld logic for vanilla movement clips;,vinheim,
3A,06-d,east,06-d,west,u_dash,2,,FALSE,FALSE,,,FALSE,FALSE,https://www.youtube.com/watch?v=EW036CWeRUQ,Generated from apworld logic for vanilla movement clips;,vinheim,
3A,06-d,east,06-d,west,"ul_dash,ur_dash",2,,FALSE,FALSE,,,FALSE,FALSE,https://www.youtube.com/watch?v=7OyO-oMpOZU,Generated from apworld logic for vanilla movement clips;,vinheim,
3A,04-d,east,04-d,south,"any_dash_l_u_ul,dash_refills",2,,FALSE,FALSE,,,FALSE,TRUE,https://www.youtube.com/watch?v=Vr5wVR7TGg8,Generated from apworld logic for vanilla movement clips;,vinheim,
3A,04-c,east,04-c,Strawberry,u_dash,2,,FALSE,FALSE,,,FALSE,FALSE,https://www.youtube.com/watch?v=VIzZXYGgTR8,Generated from apworld logic for vanilla movement clips;,vinheim,
3A,04-c,east,04-c,west,,2,,FALSE,FALSE,,,FALSE,FALSE,https://www.youtube.com/watch?v=AstWzFHefIY,Generated from apworld logic for vanilla movement clips;,vinheim,
3A,02-c,east,02-c,west,"any_dash_l_ul,sinking_platforms",2,,FALSE,FALSE,,,FALSE,TRUE,https://www.youtube.com/watch?v=N63dzBJbVho,Generated from apworld logic for vanilla movement clips;,vinheim,
3A,02-c,east,02-c,west,"crouch,dl_dash,sinking_platforms,u_dash",2,,FALSE,FALSE,,,FALSE,FALSE,https://www.youtube.com/watch?v=D9XaBn9zLJ8,Generated from apworld logic for vanilla movement clips;,vinheim,
3A,03-b,west,03-b,Strawberry 1,,2,,FALSE,FALSE,,,FALSE,FALSE,https://www.youtube.com/watch?v=-mDFoI5-1w4,Generated from apworld logic for vanilla movement clips;,vinheim,
3A,03-b,west,03-b,Strawberry 2,,2,,FALSE,FALSE,,,FALSE,FALSE,https://www.youtube.com/watch?v=0S23rxLb0Oo,Generated from apworld logic for vanilla movement clips;,vinheim,
3A,01-c,east,01-c,Cassette,"blue_cassette_blocks,l_climb,pink_cassette_blocks",2,,FALSE,FALSE,,,FALSE,FALSE,https://www.youtube.com/watch?v=nDWkjAfw6nU,Generated from apworld logic for vanilla movement clips;,vinheim,
3A,01-c,east,01-c,Cassette,"any_dash_u_ul,pink_cassette_blocks",2,,FALSE,FALSE,,,FALSE,TRUE,https://www.youtube.com/watch?v=oSlMTn3Y0EE,Generated from apworld logic for vanilla movement clips;,vinheim,
3A,02-d,east,02-d,west,"dash_refills,r_climb,ul_dash",2,,FALSE,FALSE,,,FALSE,FALSE,https://www.youtube.com/watch?v=oy0UkbEDPIo,Generated from apworld logic for vanilla movement clips;,vinheim,
3A,02-d,east,02-d,west,"dash_refills,u_dash,ul_dash",2,,FALSE,FALSE,,,FALSE,FALSE,https://www.youtube.com/watch?v=M-ZfLKrTSBA,Generated from apworld logic for vanilla movement clips;,vinheim,
3A,00-d,east,00-d,west,any_dash_u_ul_ur,2,,FALSE,FALSE,,,FALSE,TRUE,https://www.youtube.com/watch?v=AVCcLOlLHpY,Generated from apworld logic for vanilla movement clips;,vinheim,
3A,roof00,west,roof00,east,,2,,FALSE,FALSE,,,FALSE,FALSE,https://www.youtube.com/watch?v=LJRaYt4hf-4,Generated from apworld logic for vanilla movement clips;,vinheim,
3A,roof01,west,roof01,east,r_dash,2,,FALSE,FALSE,,,FALSE,FALSE,https://www.youtube.com/watch?v=cVxwkoyjoiI,Generated from apworld logic for vanilla movement clips;,vinheim,
3A,roof01,west,roof01,east,u_dash,2,,FALSE,FALSE,,,FALSE,FALSE,https://www.youtube.com/watch?v=Ci2KitLTwAk,Generated from apworld logic for vanilla movement clips;,vinheim,
3A,roof01,west,roof01,east,ur_dash,2,,FALSE,FALSE,,,FALSE,FALSE,https://www.youtube.com/watch?v=3TKhLD41TJM,Generated from apworld logic for vanilla movement clips;,vinheim,
3A,roof02,west,roof02,east,,2,,FALSE,FALSE,,,FALSE,FALSE,https://www.youtube.com/watch?v=ENZMoAoonvU,Generated from apworld logic for vanilla movement clips;,vinheim,
3A,roof03,west,roof03,Strawberry,u_dash,2,,FALSE,FALSE,,,FALSE,FALSE,https://www.youtube.com/watch?v=4BKAZxRfebQ,Generated from apworld logic for vanilla movement clips;,vinheim,
3A,roof03,west,roof03,Strawberry,ur_dash,2,,FALSE,FALSE,,,FALSE,FALSE,https://www.youtube.com/watch?v=rmj24phjBMI,Generated from apworld logic for vanilla movement clips;,vinheim,
3A,roof03,west,roof03,east,coins,2,,FALSE,FALSE,,,FALSE,FALSE,https://www.youtube.com/watch?v=0tDOryR4MDY,Generated from apworld logic for vanilla movement clips;,vinheim,
3A,roof04,west,roof04,east,any_dash_r_u_ur,2,,FALSE,FALSE,,,FALSE,TRUE,https://www.youtube.com/watch?v=pkOoPnd45Wk,Generated from apworld logic for vanilla movement clips;,vinheim,
3A,roof04,west,roof04,east,l_climb,2,,FALSE,FALSE,,,FALSE,FALSE,https://www.youtube.com/watch?v=Mm_YkJzoE3Q,Generated from apworld logic for vanilla movement clips;,vinheim,
3A,roof05,west,roof05,east,r_dash,2,,FALSE,FALSE,,,FALSE,FALSE,https://www.youtube.com/watch?v=uEMAtrqVrPo,Generated from apworld logic for vanilla movement clips;,vinheim,
3A,roof05,west,roof05,east,u_dash,2,,FALSE,FALSE,,,FALSE,FALSE,https://www.youtube.com/watch?v=g3yFfAxuBqw,Generated from apworld logic for vanilla movement clips;,vinheim,
3A,roof05,west,roof05,east,ur_dash,2,,FALSE,FALSE,,,FALSE,FALSE,https://www.youtube.com/watch?v=eFLb9MVeF_Y,Generated from apworld logic for vanilla movement clips;,vinheim,
3A,roof06b,west,roof06b,east,"r_dash,dash_refills",2,,FALSE,FALSE,,,FALSE,FALSE,https://www.youtube.com/watch?v=ZFNt7UHjdnw,Generated from apworld logic for vanilla movement clips;,vinheim,
3A,roof06b,west,roof06b,east,"u_dash,dash_refills",2,,FALSE,FALSE,,,FALSE,FALSE,https://www.youtube.com/watch?v=jY8pnetY7xM,Generated from apworld logic for vanilla movement clips;,vinheim,
3A,roof06b,west,roof06b,east,"ur_dash,dash_refills",2,,FALSE,FALSE,,,FALSE,FALSE,https://www.youtube.com/watch?v=NQHW-wXVBx8,Generated from apworld logic for vanilla movement clips;,vinheim,
3A,roof06,west,roof06,Strawberry 1,,2,,FALSE,FALSE,,,FALSE,FALSE,https://www.youtube.com/watch?v=Wfst_8zVACo,Generated from apworld logic for vanilla movement clips;,vinheim,
3A,roof06,west,roof06,Strawberry 2,any_dash_r_ur,2,,FALSE,FALSE,,,FALSE,TRUE,https://www.youtube.com/watch?v=303B2aloHyo,Generated from apworld logic for vanilla movement clips;,vinheim,
3A,roof06,west,roof06,east,,2,,FALSE,FALSE,,,FALSE,FALSE,https://www.youtube.com/watch?v=KY48Rb-1hSo,Generated from apworld logic for vanilla movement clips;,vinheim,
3B,00,west,00,east,any_dash_r_u_ur,2,,FALSE,FALSE,,,FALSE,TRUE,https://www.youtube.com/watch?v=E5D_nukAQXM,Generated from apworld logic for vanilla movement clips;,vinheim,
3B,back,east,back,Binoculars,"any_dash_l_ul,crouch,dl_dash",2,,FALSE,FALSE,,,FALSE,TRUE,https://www.youtube.com/watch?v=ZitwWRtQFHs,Generated from apworld logic for vanilla movement clips;,vinheim,
3B,back,east,back,Binoculars,"crouch,dl_dash,l_climb,u_dash",2,,FALSE,FALSE,,,FALSE,FALSE,https://www.youtube.com/watch?v=CmXu09p99pQ,Generated from apworld logic for vanilla movement clips;,vinheim,
3B,01,west,01,east,"any_dash_u_ur,dash_refills",2,,FALSE,FALSE,,,FALSE,TRUE,https://www.youtube.com/watch?v=G-NXLj8j-yU,Generated from apworld logic for vanilla movement clips;,vinheim,
3B,01,west,01,east,"dash_refills,r_climb,r_dash",2,,FALSE,FALSE,,,FALSE,FALSE,https://www.youtube.com/watch?v=fI-Yg1UZW2o,Generated from apworld logic for vanilla movement clips;,vinheim,
3B,02,west,02,east,"any_dash_u_ur,r_climb",2,,FALSE,FALSE,,,FALSE,TRUE,https://www.youtube.com/watch?v=dqodjrg_uWo,Generated from apworld logic for vanilla movement clips;,vinheim,
3B,02,west,02,east,"crouch,dr_dash,r_climb,r_dash",2,,FALSE,FALSE,,,FALSE,FALSE,https://www.youtube.com/watch?v=PP1j8FJJeKI,Generated from apworld logic for vanilla movement clips;,vinheim,
3B,02,west,02,east,"crouch,dr_dash,r_dash,u_dash",2,,FALSE,FALSE,,,FALSE,FALSE,https://www.youtube.com/watch?v=8b6LxmEsG5Q,Generated from apworld logic for vanilla movement clips;doesn't need r_dash,vinheim,
3B,03,west,03,east,"dash_refills,u_dash",2,,FALSE,FALSE,,,FALSE,FALSE,https://www.youtube.com/watch?v=arzidkMx5Hs,Generated from apworld logic for vanilla movement clips;,vinheim,
3B,03,west,03,east,ur_dash,2,,FALSE,FALSE,,,FALSE,FALSE,https://www.youtube.com/watch?v=l1H7C9d-TlI,Generated from apworld logic for vanilla movement clips;,vinheim,
3B,04,west,04,east,"dash_refills,r_climb,ur_dash",2,,FALSE,FALSE,,,FALSE,FALSE,https://www.youtube.com/watch?v=4FQTQXre8Uk,Generated from apworld logic for vanilla movement clips;doesn't need r_climb,vinheim,
3B,04,west,04,east,"dash_refills,r_climb,r_dash,u_dash",2,,FALSE,FALSE,,,FALSE,FALSE,https://www.youtube.com/watch?v=iewIiItFHIU,Generated from apworld logic for vanilla movement clips;doesn't need r_climb,vinheim,
3B,05,west,05,east,"r_dash,coins,springs",2,,FALSE,FALSE,,,FALSE,FALSE,https://www.youtube.com/watch?v=jh0RuN9vNgY,"Generated from apworld logic for vanilla movement clips;split from any_dash_r_u_ur,coins,springs",vinheim,
3B,05,west,05,east,"u_dash,coins,springs",2,,FALSE,FALSE,,,FALSE,FALSE,https://www.youtube.com/watch?v=GkSpQcSfvY4,"Generated from apworld logic for vanilla movement clips;split from any_dash_r_u_ur,coins,springs",vinheim,
3B,05,west,05,east,"ur_dash,coins,springs",2,,FALSE,FALSE,,,FALSE,FALSE,https://www.youtube.com/watch?v=_cCIDh7fs2I,"Generated from apworld logic for vanilla movement clips;split from any_dash_r_u_ur,coins,springs",vinheim,
3B,05,west,05,east,"any_dash_l_ul,coins,r_climb,springs",2,,FALSE,FALSE,,,FALSE,TRUE,https://www.youtube.com/watch?v=nG_wVtuVa3w,Generated from apworld logic for vanilla movement clips;,vinheim,
3B,05,west,05,east,"any_dash_u_ul_ur,coins,moving_platforms,r_climb",2,,FALSE,FALSE,,,FALSE,TRUE,https://www.youtube.com/watch?v=NpPUCZOP26A,Generated from apworld logic for vanilla movement clips;,vinheim,
3B,06,west,06,east,"sinking_platforms,u_dash",2,,FALSE,FALSE,,,FALSE,FALSE,https://www.youtube.com/watch?v=OVPj1YAgJkc,Generated from apworld logic for vanilla movement clips;,vinheim,
3B,06,west,06,east,"r_climb,sinking_platforms,ur_dash",2,,FALSE,FALSE,,,FALSE,FALSE,https://www.youtube.com/watch?v=4mpH7yKGSw0,Generated from apworld logic for vanilla movement clips;,vinheim,
3B,07,west,07,east,"u_dash,r_climb",2,,FALSE,FALSE,,,FALSE,FALSE,https://www.youtube.com/watch?v=OZXNAt4ciaw,"Generated from apworld logic for vanilla movement clips;split from any_dash_u_ur,r_climb",vinheim,
3B,07,west,07,east,"ur_dash,r_climb",2,,FALSE,FALSE,,,FALSE,FALSE,https://www.youtube.com/watch?v=3utGSQmARQQ,"Generated from apworld logic for vanilla movement clips;split from any_dash_u_ur,r_climb",vinheim,
3B,08,bottom,08,top,"dash_refills,l_climb,u_dash",2,,FALSE,FALSE,,,FALSE,FALSE,https://www.youtube.com/watch?v=bFLqrT6jt7A,Generated from apworld logic for vanilla movement clips;doesn't need l_climb,vinheim,
3B,08,bottom,08,top,"any_dash_r_ur,dash_refills,l_climb,ul_dash",2,,FALSE,FALSE,,,FALSE,TRUE,https://www.youtube.com/watch?v=9vAA9aI0Mv0,Generated from apworld logic for vanilla movement clips;doesn't need l_climb,vinheim,
3B,09,west,09,east,any_dash_r_ur,2,,FALSE,FALSE,,,FALSE,TRUE,https://www.youtube.com/watch?v=0p1EZoklOtI,Generated from apworld logic for vanilla movement clips;,vinheim,
3B,09,west,09,east,"r_climb,u_dash",2,,FALSE,FALSE,,,FALSE,FALSE,https://www.youtube.com/watch?v=ZIWfNS7VuQ0,"Generated from apworld logic for vanilla movement clips;doesn't need r_climb. Last wounce can be replaced with an u_dash over the spike, but involves a harder turnaround",vinheim,
3B,09,west,09,east,"crouch,dr_dash,r_climb",2,,FALSE,FALSE,,,FALSE,FALSE,https://www.youtube.com/watch?v=4yFS4ZSnBfQ,Generated from apworld logic for vanilla movement clips;,vinheim,
3B,10,west,10,east,u_dash,2,,FALSE,FALSE,,,FALSE,FALSE,https://www.youtube.com/watch?v=9Uen7bOHmYo,Generated from apworld logic for vanilla movement clips;,vinheim,
3B,11,west,11,east,any_dash_r_u_ur,2,,FALSE,FALSE,,,FALSE,TRUE,https://www.youtube.com/watch?v=jOyxYNvaOP0,Generated from apworld logic for vanilla movement clips;,vinheim,
3B,13,west,13,east,"r_climb,springs,ur_dash",2,,FALSE,FALSE,,,FALSE,FALSE,https://www.youtube.com/watch?v=YME3C3Uqvuk,Generated from apworld logic for vanilla movement clips;,vinheim,
3B,13,west,13,east,u_dash,2,,FALSE,FALSE,,,FALSE,FALSE,https://www.youtube.com/watch?v=U0x_SP23C5o,Generated from apworld logic for vanilla movement clips;,vinheim,
3B,14,west,14,east,"any_dash_r_u_ur,dash_refills",2,,FALSE,FALSE,,,FALSE,TRUE,https://www.youtube.com/watch?v=viUxof2bAWc,Generated from apworld logic for vanilla movement clips;,vinheim,
3B,15,west,15,east,,2,,FALSE,FALSE,,,FALSE,FALSE,https://www.youtube.com/watch?v=i5QiA3PmQ7Q,Generated from apworld logic for vanilla movement clips;,vinheim,
3B,12,west,12,Binoculars,,2,,FALSE,FALSE,,,FALSE,FALSE,https://www.youtube.com/watch?v=GxIzpyLuHVk,Generated from apworld logic for vanilla movement clips;,vinheim,
3B,12,west,12,east,any_dash_u_ur,2,,FALSE,FALSE,,,FALSE,TRUE,https://www.youtube.com/watch?v=UmbiZic0skE,Generated from apworld logic for vanilla movement clips;,vinheim,
3B,12,west,12,east,"ul_dash,r_dash",2,,FALSE,FALSE,,,FALSE,FALSE,https://www.youtube.com/watch?v=HPBP2_s243Y,Generated from apworld logic for vanilla movement clips;l_dash should be ul_dash (already in vanilla_logic sheet),vinheim,
3B,12,west,12,east,"r_dash,springs",2,,FALSE,FALSE,,,FALSE,FALSE,https://www.youtube.com/watch?v=fR7r9A77a8c,Generated from apworld logic for vanilla movement clips;,vinheim,
3B,16,west,16,top,any_dash_u_ul_ur,2,,FALSE,FALSE,,,FALSE,TRUE,https://www.youtube.com/watch?v=oP7ZLGhi5sw,Generated from apworld logic for vanilla movement clips;,vinheim,
3B,17,west,17,east,"any_dash_r_ur,r_climb",2,,FALSE,FALSE,,,FALSE,TRUE,https://www.youtube.com/watch?v=BcO68ZYntzI,Generated from apworld logic for vanilla movement clips;,vinheim,
3B,18,west,18,east,,2,,FALSE,FALSE,,,FALSE,FALSE,https://www.youtube.com/watch?v=L7lS9CRSQkk,Generated from apworld logic for vanilla movement clips;,vinheim,
3B,19,west,19,east,any_dash_r_ur,2,,FALSE,FALSE,,,FALSE,TRUE,https://www.youtube.com/watch?v=XDpru_pC_V4,Generated from apworld logic for vanilla movement clips;,vinheim,
3B,21,west,21,east,"any_dash_r_ur,dash_refills",2,,FALSE,FALSE,,,FALSE,TRUE,https://www.youtube.com/watch?v=51nccHCrzf8,Generated from apworld logic for vanilla movement clips;,vinheim,
3B,20,west,20,east,"u_dash,coins",2,,FALSE,FALSE,,,FALSE,FALSE,https://www.youtube.com/watch?v=BlvbW68K_jM,"Generated from apworld logic for vanilla movement clips;split from any_dash_u_ul_ur,coins",vinheim,
3B,20,west,20,east,"ul_dash,coins",2,,FALSE,FALSE,,,FALSE,FALSE,https://www.youtube.com/watch?v=IziQh3zF20g,"Generated from apworld logic for vanilla movement clips;split from any_dash_u_ul_ur,coins",vinheim,
3B,20,west,20,east,"ur_dash,coins",2,,FALSE,FALSE,,,FALSE,FALSE,https://www.youtube.com/watch?v=JX89BTgKG-U,"Generated from apworld logic for vanilla movement clips;split from any_dash_u_ul_ur,coins",vinheim,
3B,end,west,end,goal,"coins,crouch,dr_dash,r_climb,u_dash,ur_dash",2,,FALSE,FALSE,,,FALSE,FALSE,https://www.youtube.com/watch?v=yNLCJPDrqJY,Generated from apworld logic for vanilla movement clips;there's enough floor space so that you only need 1 edge standing from a same-wall climb (meaning you can remove 1 climb potentially),vinheim,
3B,end,west,end,goal,"coins,dash_refills,r_climb,u_dash,ur_dash",2,,FALSE,FALSE,,,FALSE,FALSE,https://www.youtube.com/watch?v=4NQ3wseEw-s,Generated from apworld logic for vanilla movement clips;,vinheim,
3B,end,west,end,goal,"blue_cassette_blocks,coins,crouch,dr_dash,u_dash,ur_dash",2,,FALSE,FALSE,,,FALSE,FALSE,https://www.youtube.com/watch?v=w_eMuMo9EFg,Generated from apworld logic for vanilla movement clips;,vinheim,
3B,end,west,end,goal,"blue_cassette_blocks,coins,dash_refills,u_dash,ur_dash",2,,FALSE,FALSE,,,FALSE,FALSE,https://www.youtube.com/watch?v=5ym--C92wF4,Generated from apworld logic for vanilla movement clips;,vinheim,
3B,end,west,end,goal,"coins,crouch,dr_dash,pink_cassette_blocks,springs,ur_dash",2,,FALSE,FALSE,,,FALSE,FALSE,https://www.youtube.com/watch?v=2vSWwD2EtPA,Generated from apworld logic for vanilla movement clips;,vinheim,
3B,end,west,end,goal,"coins,dash_refills,pink_cassette_blocks,springs,ur_dash",2,,FALSE,FALSE,,,FALSE,FALSE,https://www.youtube.com/watch?v=wJYPa2Hoq9o,Generated from apworld logic for vanilla movement clips;,vinheim,
3B,end,west,end,goal,"blue_cassette_blocks,coins,dash_refills,pink_cassette_blocks,springs,u_dash",2,,FALSE,FALSE,,,FALSE,FALSE,https://www.youtube.com/watch?v=_Z8FDcWmzSs,Generated from apworld logic for vanilla movement clips;,vinheim,
3B,end,west,end,goal,"blue_cassette_blocks,coins,dash_refills,r_dash,springs,u_dash",2,,FALSE,FALSE,,,FALSE,FALSE,https://www.youtube.com/watch?v=eqepS3f-o6I,Generated from apworld logic for vanilla movement clips;,vinheim,
3B,end,west,end,goal,"coins,crouch,dash_refills,dr_dash,r_climb,r_dash,u_dash,ur_dash",2,,FALSE,FALSE,,,FALSE,FALSE,https://www.youtube.com/watch?v=-kX9z_mzua8,Generated from apworld logic for vanilla movement clips;doesn't need r_climb,vinheim,
3B,end,west,end,goal,"blue_cassette_blocks,coins,crouch,dash_refills,dr_dash,springs,u_dash",2,,FALSE,FALSE,,,FALSE,FALSE,https://www.youtube.com/watch?v=psImRvfKHPI,Generated from apworld logic for vanilla movement clips;,vinheim,
3B,end,west,end,goal,"coins,crouch,dash_refills,dr_dash,pink_cassette_blocks,r_dash,u_dash,ur_dash",2,,FALSE,FALSE,,,FALSE,FALSE,https://www.youtube.com/watch?v=gnnOsG9xquM,Generated from apworld logic for vanilla movement clips;,vinheim,
3B,end,west,end,goal,"blue_cassette_blocks,coins,crouch,dr_dash,springs,ul_dash,ur_dash",2,,FALSE,FALSE,,,FALSE,FALSE,https://www.youtube.com/watch?v=cswZTetcFFg,Generated from apworld logic for vanilla movement clips;,vinheim,
3B,end,west,end,goal,"blue_cassette_blocks,coins,dash_refills,r_climb,springs,ul_dash,ur_dash",2,,FALSE,FALSE,,,FALSE,FALSE,https://www.youtube.com/watch?v=JV-NpnJ6Wuw,Generated from apworld logic for vanilla movement clips;,vinheim,
3C,00,west,00,east,"dash_refills,u_dash",2,,FALSE,FALSE,,,FALSE,FALSE,https://www.youtube.com/watch?v=Dor47S2CsRg,Generated from apworld logic for vanilla movement clips;,vinheim,
3C,00,west,00,east,"dash_refills,ul_dash,ur_dash",2,,FALSE,FALSE,,,FALSE,FALSE,https://www.youtube.com/watch?v=EcGBsKzHSFo,Generated from apworld logic for vanilla movement clips;,vinheim,
3C,01,west,01,east,"sinking_platforms,u_dash",2,,FALSE,FALSE,,,FALSE,FALSE,https://www.youtube.com/watch?v=l4rjNZ-XSXs,Generated from apworld logic for vanilla movement clips;,vinheim,
3C,02,west,02,goal,"dash_refills,ur_dash",2,,FALSE,FALSE,,,FALSE,FALSE,https://www.youtube.com/watch?v=5z05k3RyVvw,Generated from apworld logic for vanilla movement clips;,vinheim,
3C,02,west,02,goal,"r_dash,coins",2,,FALSE,FALSE,,,FALSE,FALSE,https://www.youtube.com/watch?v=VDBWN6YKAic,Generated from apworld logic for vanilla movement clips;,vinheim,
3C,02,west,02,goal,"u_dash,coins",2,,FALSE,FALSE,,,FALSE,FALSE,https://www.youtube.com/watch?v=pYOynpkC64s,Generated from apworld logic for vanilla movement clips;,vinheim,
3C,02,west,02,goal,"ur_dash,coins",2,,FALSE,FALSE,,,FALSE,FALSE,https://www.youtube.com/watch?v=p5wkKSvM6PM,Generated from apworld logic for vanilla movement clips;,vinheim,
4C,00,west,00,east,"any_dash_r_u_ur,blue_boosters",2,,FALSE,FALSE,,,FALSE,TRUE,https://www.youtube.com/watch?v=heG1QgSeITQ,Generated from apworld logic for vanilla movement clips;,zeeveez,
4C,01,west,01,east,"any_dash_r_u_ur,l_climb,move_blocks,r_climb",2,,FALSE,FALSE,,,FALSE,TRUE,https://www.youtube.com/watch?v=k5s7LCOcaNQ,Generated from apworld logic for vanilla movement clips;,zeeveez,
4C,02,west,02,goal,"blue_boosters,pink_clouds,u_dash,ur_dash",2,,FALSE,FALSE,,,FALSE,FALSE,https://www.youtube.com/watch?v=cpa2TTbBgBI,Generated from apworld logic for vanilla movement clips;,zeeveez,
5C,00,west,00,east,"dash_refills,swap_blocks,u_dash",2,,FALSE,FALSE,,,FALSE,FALSE,https://www.youtube.com/watch?v=3kerR7loiTY,Generated from apworld logic for vanilla movement clips;,zeeveez,
5C,01,west,01,east,"swap_blocks,u_dash",2,,FALSE,FALSE,,,FALSE,FALSE,https://www.youtube.com/watch?v=8gbgJjNk8NU,Generated from apworld logic for vanilla movement clips;,zeeveez,
5C,02,west,02,goal,"dash_refills,dash_switches,r_dash,red_boosters,swap_blocks,u_dash",2,,FALSE,FALSE,,,FALSE,FALSE,https://www.youtube.com/watch?v=C-o_9RSYNVE,Generated from apworld logic for vanilla movement clips;,zeeveez,
5C,02,west,02,goal,"dash_refills,dash_switches,red_boosters,swap_blocks,u_dash,ul_dash,ur_dash",2,,FALSE,FALSE,,,FALSE,FALSE,https://www.youtube.com/watch?v=W4Kiv55og4U,Generated from apworld logic for vanilla movement clips;,zeeveez,
6C,00,west,00,east,"bumpers,u_dash",2,,FALSE,FALSE,,,FALSE,FALSE,https://www.youtube.com/watch?v=laIiWVf6cxw,Generated from apworld logic for vanilla movement clips;,zeeveez,
6C,01,west,01,east,"dash_refills,feathers,r_dash",2,,FALSE,FALSE,,,FALSE,FALSE,https://www.youtube.com/watch?v=h0487VJLJQQ,Generated from apworld logic for vanilla movement clips;,zeeveez,
6C,01,west,01,east,"crouch,dr_dash,feathers,r_dash",2,,FALSE,FALSE,,,FALSE,FALSE,https://www.youtube.com/watch?v=wysmJRtA29E,Generated from apworld logic for vanilla movement clips;,zeeveez,
6C,02,west,02,Binoculars 2,"dash_refills,kevin_blocks,l_dash,ur_dash",2,,FALSE,FALSE,,,FALSE,FALSE,https://www.youtube.com/watch?v=es7naPESSws,Generated from apworld logic for vanilla movement clips;,zeeveez,
6C,02,west,02,Binoculars 2,"any_dash_u_ul,dash_refills,kevin_blocks,l_dash,r_dash",2,,FALSE,FALSE,,,FALSE,TRUE,https://www.youtube.com/watch?v=Hx6PpuyCKw8,Generated from apworld logic for vanilla movement clips;,zeeveez,
6C,02,west,02,goal,"any_dash_r_ur,bumpers,dash_refills,kevin_blocks,l_dash,u_dash",2,,FALSE,FALSE,,,FALSE,TRUE,https://www.youtube.com/watch?v=R83Wg7K_4AY,Generated from apworld logic for vanilla movement clips;,zeeveez,
7C,01,west,01,Binoculars,any_dash_dr_r_u_ur,2,,FALSE,FALSE,,,FALSE,TRUE,https://www.youtube.com/watch?v=3CKajVE3Ojg,Generated from apworld logic for vanilla movement clips;,zeeveez,
7C,01,west,01,east,"badeline_boosters,dash_refills,u_dash",2,,FALSE,FALSE,,,FALSE,FALSE,https://www.youtube.com/watch?v=gdKrE9MYZ9Y,Generated from apworld logic for vanilla movement clips;,zeeveez,
7C,02,west,02,east,"d_dash,badeline_boosters,coins,springs,u_dash",2,,FALSE,FALSE,,,FALSE,FALSE,https://www.youtube.com/watch?v=YZ5bArEzr1g,Generated from apworld logic for vanilla movement clips;,zeeveez,
7C,02,west,02,east,"dl_dash,badeline_boosters,coins,springs,u_dash",2,,FALSE,FALSE,,,FALSE,FALSE,https://www.youtube.com/watch?v=urzK0k2aa64,Generated from apworld logic for vanilla movement clips;,zeeveez,
7C,02,west,02,east,"l_dash,badeline_boosters,coins,springs,u_dash",2,,FALSE,FALSE,,,FALSE,FALSE,https://www.youtube.com/watch?v=6cQ4wX5lqc8,Generated from apworld logic for vanilla movement clips;,zeeveez,
7C,02,west,02,east,"ul_dash,badeline_boosters,coins,springs,u_dash",2,,FALSE,FALSE,,,FALSE,FALSE,https://www.youtube.com/watch?v=PyZBJPzzKjQ,Generated from apworld logic for vanilla movement clips;,zeeveez,
7C,03,west,03,goal,"dash_refills,pink_clouds,r_dash,springs,u_dash,ur_dash",2,,FALSE,FALSE,,,FALSE,FALSE,https://www.youtube.com/watch?v=Vzk9G_CtQvY,Generated from apworld logic for vanilla movement clips;,zeeveez,
8B,a-00,west,a-00,east,"dash_refills,u_dash",2,,FALSE,FALSE,,,FALSE,FALSE,https://www.youtube.com/watch?v=cUMfR27zWeA,Generated from apworld logic for vanilla movement clips;,vinheim,
8B,a-00,west,a-00,east,"crouch,dr_dash",2,,FALSE,FALSE,,,FALSE,FALSE,https://www.youtube.com/watch?v=z1HHA5gqUEE,Generated from apworld logic for vanilla movement clips;,vinheim,
8B,a-00,west,a-00,east,r_dash,2,,FALSE,FALSE,,,FALSE,FALSE,https://www.youtube.com/watch?v=arpN0mT0hn4,Generated from apworld logic for vanilla movement clips; split from any_dash_u_ur,vinheim,
8B,a-00,west,a-00,east,ur_dash,2,,FALSE,FALSE,,,FALSE,FALSE,https://www.youtube.com/watch?v=k57HmvPXNqc,Generated from apworld logic for vanilla movement clips; split from any_dash_u_ur,vinheim,
8B,a-01,west,a-01,east,"core_blocks,l_climb,ur_dash",2,,FALSE,FALSE,,,FALSE,FALSE,https://www.youtube.com/watch?v=9SPD3n2Qw_E,Generated from apworld logic for vanilla movement clips;,vinheim,
8B,a-01,west,a-01,east,"any_dash_r_u,core_blocks,l_climb,r_climb",2,,FALSE,FALSE,,,FALSE,TRUE,https://www.youtube.com/watch?v=ChZqB4BBlSk,Generated from apworld logic for vanilla movement clips;,vinheim,
8B,a-02,west,a-02,east,"core_blocks,core_toggles,fire_ice_balls,l_climb",2,,FALSE,FALSE,,,FALSE,FALSE,https://www.youtube.com/watch?v=3lqW8X6y9TQ,Generated from apworld logic for vanilla movement clips;,vinheim,
8B,a-02,west,a-02,east,"any_dash_r_ur,any_dash_u_ul,core_blocks,core_toggles,dash_refills,fire_ice_balls",2,,FALSE,FALSE,,,FALSE,TRUE,https://www.youtube.com/watch?v=aWw5rcCXmKM,Generated from apworld logic for vanilla movement clips;,vinheim,
8B,a-02,west,a-02,east,"any_dash_l_u_ul,core_blocks,core_toggles,crouch,dash_refills,dl_dash,l_climb",2,,FALSE,FALSE,,,FALSE,TRUE,https://www.youtube.com/watch?v=9J90GRSHlAI,Generated from apworld logic for vanilla movement clips;,vinheim,
8B,a-03,west,a-03,east,"r_dash,fire_ice_balls",2,,FALSE,FALSE,,,FALSE,FALSE,https://www.youtube.com/watch?v=q8HiIcgQZLU,"Generated from apworld logic for vanilla movement clips; split from any_dash_r_u_ul_ur,fire_ice_balls",vinheim,
8B,a-03,west,a-03,east,"u_dash,fire_ice_balls",2,,FALSE,FALSE,,,FALSE,FALSE,https://www.youtube.com/watch?v=_m4QP7t29eo,"Generated from apworld logic for vanilla movement clips; split from any_dash_r_u_ul_ur,fire_ice_balls",vinheim,
8B,a-03,west,a-03,east,"ul_dash,fire_ice_balls",2,,FALSE,FALSE,,,FALSE,FALSE,https://www.youtube.com/watch?v=Ffzrg4_dbno,"Generated from apworld logic for vanilla movement clips; split from any_dash_r_u_ul_ur,fire_ice_balls",vinheim,
8B,a-03,west,a-03,east,"ur_dash,fire_ice_balls",2,,FALSE,FALSE,,,FALSE,FALSE,https://www.youtube.com/watch?v=6qCouFp9Kuw,"Generated from apworld logic for vanilla movement clips; split from any_dash_r_u_ul_ur,fire_ice_balls",vinheim,
8B,a-03,west,a-03,east,"dr_dash,fire_ice_balls",2,,FALSE,FALSE,,,FALSE,FALSE,https://www.youtube.com/watch?v=Wp-mvmRwHss,Generated from apworld logic for vanilla movement clips;,vinheim,
8B,a-04,west,a-04,east,"r_dash,core_blocks,dash_refills,r_climb",2,,FALSE,FALSE,,,FALSE,FALSE,https://www.youtube.com/watch?v=U4cr9K2RVrI,"Generated from apworld logic for vanilla movement clips; split from any_dash_r_u_ur,core_blocks,dash_refills,r_climb",vinheim,
8B,a-04,west,a-04,east,"u_dash,core_blocks,dash_refills,r_climb",2,,FALSE,FALSE,,,FALSE,FALSE,https://www.youtube.com/watch?v=zfgHGGVg-7g,"Generated from apworld logic for vanilla movement clips; split from any_dash_r_u_ur,core_blocks,dash_refills,r_climb",vinheim,
8B,a-04,west,a-04,east,"ur_dash,core_blocks,dash_refills,r_climb",2,,FALSE,FALSE,,,FALSE,FALSE,https://www.youtube.com/watch?v=mZDOeul-8Q4,"Generated from apworld logic for vanilla movement clips; split from any_dash_r_u_ur,core_blocks,dash_refills,r_climb",vinheim,
8B,a-05,west,a-05,east,"bumpers,core_toggles,dash_refills,r_climb,u_dash",2,,FALSE,FALSE,,,FALSE,FALSE,https://www.youtube.com/watch?v=onkhe_ekSrM,Generated from apworld logic for vanilla movement clips;,vinheim,
8B,a-05,west,a-05,east,"ul_dash,r_dash,bumpers,core_toggles,dash_refills,r_climb",2,,FALSE,FALSE,,,FALSE,FALSE,https://www.youtube.com/watch?v=L1ySEaCbtrs,"Generated from apworld logic for vanilla movement clips; split up and changed from any_dash_l_ul,any_dash_r_ur,bumpers,core_toggles,dash_refills,r_climb",vinheim,
8B,a-05,west,a-05,east,"ul_dash,ur_dash,bumpers,core_toggles,dash_refills,r_climb",2,,FALSE,FALSE,,,FALSE,FALSE,https://www.youtube.com/watch?v=cg_xhRXQz_A,"Generated from apworld logic for vanilla movement clips; split up and changed from any_dash_l_ul,any_dash_r_ur,bumpers,core_toggles,dash_refills,r_climb",vinheim,
8B,a-05,west,a-05,east,"l_dash,ur_dash,bumpers,core_toggles,dash_refills,r_climb",2,,FALSE,FALSE,,,FALSE,FALSE,https://www.youtube.com/watch?v=4IXjPbDiUAY,"Generated from apworld logic for vanilla movement clips; split up and changed from any_dash_l_ul,any_dash_r_ur,bumpers,core_toggles,dash_refills,r_climb",vinheim,
8B,b-00,west,b-00,east,"any_dash_r_ur,r_climb",2,,FALSE,FALSE,,,FALSE,TRUE,https://www.youtube.com/watch?v=ycajRTzLP3Y,Generated from apworld logic for vanilla movement clips;,vinheim,
8B,b-01,west,b-01,east,"core_blocks,core_toggles,l_climb,r_dash",2,,FALSE,FALSE,,,FALSE,FALSE,https://www.youtube.com/watch?v=54Tpz03HNxI,"Generated from apworld logic for vanilla movement clips; removed ur_dash from core_blocks,core_toggles,l_climb,r_dash,ur_dash; removed redundant rule any_dash_u_ur,bumpers,core_blocks,core_toggles,l_climb",vinheim,
8B,b-01,west,b-01,east,"core_blocks,core_toggles,l_climb,ur_dash",2,,FALSE,FALSE,,,FALSE,FALSE,https://www.youtube.com/watch?v=vgFCwRK1bB8,"Generated from apworld logic for vanilla movement clips; removed r_dash from core_blocks,core_toggles,l_climb,r_dash,ur_dash; removed redundant rule any_dash_u_ur,bumpers,core_blocks,core_toggles,l_climb",vinheim,
8B,b-02,west,b-02,east,"coins,dash_refills,fire_ice_balls,ur_dash",2,,FALSE,FALSE,,,FALSE,FALSE,https://www.youtube.com/watch?v=lNKpCzFzqx0,Generated from apworld logic for vanilla movement clips;,vinheim,
8B,b-02,west,b-02,east,"bumpers,coins,dash_refills,fire_ice_balls,u_dash",2,,FALSE,FALSE,,,FALSE,FALSE,https://www.youtube.com/watch?v=uWrw4PZ62zw,Generated from apworld logic for vanilla movement clips;,vinheim,
8B,b-03,west,b-03,east,"any_dash_u_ur,core_toggles,dash_refills,l_climb,r_climb,r_dash",2,,FALSE,FALSE,,,FALSE,TRUE,https://www.youtube.com/watch?v=-htfEnZ5PXM,Generated from apworld logic for vanilla movement clips;,vinheim,
8B,b-04,west,b-04,east,"r_dash,dash_refills,r_climb",2,,FALSE,FALSE,,,FALSE,FALSE,https://www.youtube.com/watch?v=iENpbo9CQjY,"Generated from apworld logic for vanilla movement clips; split from any_dash_r_ur,dash_refills,r_climb",vinheim,
8B,b-04,west,b-04,east,"ur_dash,dash_refills,r_climb",2,,FALSE,FALSE,,,FALSE,FALSE,https://www.youtube.com/watch?v=X1-tO6hQZOg,"Generated from apworld logic for vanilla movement clips; split from any_dash_r_ur,dash_refills,r_climb",vinheim,
8B,b-05,west,b-05,east,"core_toggles,dash_refills,fire_ice_balls,ur_dash",2,,FALSE,FALSE,,,FALSE,FALSE,https://www.youtube.com/watch?v=iJ6YZqPOOeM,Generated from apworld logic for vanilla movement clips;,vinheim,
8B,b-05,west,b-05,east,"core_toggles,dash_refills,fire_ice_balls,r_dash,u_dash",2,,FALSE,FALSE,,,FALSE,FALSE,https://www.youtube.com/watch?v=GDQFsHtRXG0,Generated from apworld logic for vanilla movement clips;,vinheim,
8B,c-01,bottom,c-01,top,"core_blocks,dash_refills,l_climb,r_climb,u_dash,ul_dash",2,,FALSE,FALSE,,,FALSE,FALSE,https://www.youtube.com/watch?v=8bDBykF6oG4,Generated from apworld logic for vanilla movement clips;,vinheim,
8B,c-01,bottom,c-01,top,"core_blocks,dash_refills,l_climb,r_climb,ur_dash,ul_dash",2,,FALSE,FALSE,,,FALSE,FALSE,https://www.youtube.com/watch?v=f9G-J1AuAmA,Generated from apworld logic for vanilla movement clips;,vinheim,
8B,c-01,bottom,c-01,top,"core_blocks,dash_refills,l_climb,r_climb,u_dash,l_dash,springs",2,,FALSE,FALSE,,,FALSE,FALSE,https://www.youtube.com/watch?v=ryIIIYHwvqc,Generated from apworld logic for vanilla movement clips;,vinheim,
8B,c-02,bottom,c-02,top,u_dash,2,,FALSE,FALSE,,,FALSE,FALSE,https://www.youtube.com/watch?v=x_z9b-hO49E,Generated from apworld logic for vanilla movement clips;,vinheim,
8B,c-02,bottom,c-02,top,"dash_refills,ul_dash,ur_dash",2,,FALSE,FALSE,,,FALSE,FALSE,https://www.youtube.com/watch?v=CYzjs8ojFW4,Generated from apworld logic for vanilla movement clips;,vinheim,
8B,c-02,bottom,c-02,top,"any_dash_u_ur,bumpers,core_toggles,fire_ice_balls",2,,FALSE,FALSE,,,FALSE,TRUE,https://www.youtube.com/watch?v=rNT80vnMj5M,Generated from apworld logic for vanilla movement clips;,vinheim,
8B,c-03,bottom,c-03,top,"dash_refills,u_dash,ul_dash",2,,FALSE,FALSE,,,FALSE,FALSE,https://www.youtube.com/watch?v=vJxT2-qTZQs,Generated from apworld logic for vanilla movement clips;,vinheim,
8B,c-03,bottom,c-03,top,"dash_refills,l_dash,springs,u_dash",2,,FALSE,FALSE,,,FALSE,FALSE,https://www.youtube.com/watch?v=mqF5X2_WV1c,Generated from apworld logic for vanilla movement clips;,vinheim,
8B,c-04,bottom,c-04,top,"badeline_boosters,blue_clouds,core_blocks,dash_refills,swap_blocks,traffic_blocks,u_dash",2,,FALSE,FALSE,,,FALSE,FALSE,https://www.youtube.com/watch?v=gWOoMS-c3x4,Generated from apworld logic for vanilla movement clips;,vinheim,
8B,c-04,bottom,c-04,top,"badeline_boosters,blue_clouds,core_blocks,dash_refills,moving_platforms,swap_blocks,traffic_blocks,ul_dash,ur_dash",2,,FALSE,FALSE,,,FALSE,FALSE,https://www.youtube.com/watch?v=EA2u6-MpDZ0,Generated from apworld logic for vanilla movement clips;,vinheim,
8B,c-05,west,c-05,east,"any_dash_u_ur,bumpers,core_blocks,core_toggles,dash_refills,l_climb",2,,FALSE,FALSE,,,FALSE,TRUE,https://www.youtube.com/watch?v=36BqKJItfg0,Generated from apworld logic for vanilla movement clips;,vinheim,
8B,c-05,west,c-05,east,"bumpers,core_blocks,core_toggles,dash_refills,l_climb,r_dash,ul_dash",2,,FALSE,FALSE,,,FALSE,FALSE,https://www.youtube.com/watch?v=fJsPj_rkegk,Generated from apworld logic for vanilla movement clips;,vinheim,
8B,c-06,west,c-06,east,"core_toggles,crouch,dr_dash,fire_ice_balls",2,,FALSE,FALSE,,,FALSE,FALSE,https://www.youtube.com/watch?v=oZTQgVQOchE,"Generated from apworld logic for vanilla movement clips; removed core_blocks from core_blocks,core_toggles,crouch,dr_dash,fire_ice_balls to be aligned with the sheet (also means the rule below isn't a duplicate)",vinheim,
8B,c-06,west,c-06,east,"core_blocks,core_toggles,fire_ice_balls",2,,FALSE,FALSE,,,FALSE,FALSE,https://www.youtube.com/watch?v=iVjiFLzY2Q4,Generated from apworld logic for vanilla movement clips;,vinheim,
8B,c-08,west,c-08,east,"any_dash_r_u_ur,core_toggles,dash_refills,r_climb",2,,FALSE,FALSE,,,FALSE,TRUE,https://www.youtube.com/watch?v=kc1VpBKj6GU,Generated from apworld logic for vanilla movement clips;,vinheim,
8B,c-08,west,c-08,east,"any_dash_r_u_ur,core_toggles,dash_refills,l_climb",2,,FALSE,FALSE,,,FALSE,TRUE,https://www.youtube.com/watch?v=kK_ghRc_sys,Generated from apworld logic for vanilla movement clips;,vinheim,
8B,c-07,west,c-07,east,"any_dash_u_ur,core_blocks,l_climb",2,,FALSE,FALSE,,,FALSE,TRUE,https://www.youtube.com/watch?v=onhJC1CwSEM,Generated from apworld logic for vanilla movement clips;,vinheim,
8B,space,west,space,goal,"blue_cassette_blocks,dash_refills,pink_cassette_blocks,u_dash",2,,FALSE,FALSE,,,FALSE,FALSE,https://www.youtube.com/watch?v=mHAt-q1_l3k,Generated from apworld logic for vanilla movement clips;,vinheim,
8B,space,west,space,goal,"blue_cassette_blocks,crouch,dash_refills,dr_dash,u_dash",2,,FALSE,FALSE,,,FALSE,FALSE,https://www.youtube.com/watch?v=FBu3VI8iNL0,Generated from apworld logic for vanilla movement clips;,vinheim,
8B,space,west,space,goal,"blue_cassette_blocks,crouch,dash_refills,dr_dash,ur_dash",2,,FALSE,FALSE,,,FALSE,FALSE,https://www.youtube.com/watch?v=ENg6NQbU-3Q,"Generated from apworld logic for vanilla movement clips; removed ul_dash from blue_cassette_blocks,crouch,dash_refills,dr_dash,ul_dash,ur_dash",vinheim,
8B,space,west,space,goal,"any_dash_r_ur,dash_refills,pink_cassette_blocks,u_dash",2,,FALSE,FALSE,,,FALSE,TRUE,https://www.youtube.com/watch?v=4Ot_ZGMS_4M,Generated from apworld logic for vanilla movement clips;,vinheim,
8B,space,west,space,goal,"dash_refills,pink_cassette_blocks,ul_dash,ur_dash",2,,FALSE,FALSE,,,FALSE,FALSE,https://www.youtube.com/watch?v=5DKqoHeSdBU,"Generated from apworld logic for vanilla movement clips; removed any_dash_u_ur from any_dash_r_ur,dash_refills,pink_cassette_blocks,ul_dash,ur_dash as you don't need it due to ur_dash",vinheim,
8B,space,west,space,goal,"crouch,dash_refills,dr_dash,pink_cassette_blocks,u_dash",2,,FALSE,FALSE,,,FALSE,FALSE,https://www.youtube.com/watch?v=h6MmQqMxIgY,Generated from apworld logic for vanilla movement clips;,vinheim,
8B,space,west,space,goal,"crouch,dash_refills,dr_dash,pink_cassette_blocks,ul_dash,ur_dash",2,,FALSE,FALSE,,,FALSE,FALSE,https://www.youtube.com/watch?v=y2DuJsScpQA,Generated from apworld logic for vanilla movement clips;,vinheim,
